mid,msg_cnt,msg_unique,avg_msg_len,is_paying_user,level,is_default_face,is_nft_face,is_annual_vip,is_senior,has_nameplate,has_pendant,has_medal,has_sign,is_default_name,pub_videos,fans,Group
3472,17,1.0,6.176470588235294,1,6,0,0,1,0,1,0,1,1,0,6,280,nailv
295102,12,1.0,15.916666666666666,0,6,0,0,1,0,1,0,1,0,0,366,207,nailv
24329231,39,0.9743589743589743,9.179487179487179,0,6,0,0,1,0,0,1,0,0,0,3,84,nailv
386732638,199,0.7286432160804021,5.1708542713567835,0,6,0,0,0,0,0,0,0,0,0,1,52,nailv
1573941156,11,1.0,6.545454545454546,0,5,0,0,0,0,0,0,1,0,0,3,19,nailv
11477970,229,0.7117903930131004,19.978165938864628,0,6,0,0,1,1,1,0,1,1,0,23,471,nailv
5366318,470,0.825531914893617,15.327659574468084,0,6,0,0,0,0,0,1,1,0,0,0,37,nailv
454068981,4,0.5,16.25,0,6,0,0,1,0,0,1,1,1,0,2,105,nailv
23517842,175,0.96,7.571428571428571,1,6,0,0,0,0,0,0,1,1,0,7,61,nailv
222923437,77,0.2857142857142857,16.025974025974026,0,5,0,0,0,0,1,0,0,1,0,0,6,nailv
9208205,3,1.0,7.0,0,6,0,0,0,0,0,0,0,0,0,0,2,nailv
322244,211,0.9241706161137441,5.597156398104265,0,6,0,0,1,0,0,0,0,0,0,0,23,nailv
546160791,5,0.8,7.6,0,5,0,0,0,0,0,0,0,1,0,1,80,nailv
375541,5,1.0,4.4,0,6,0,0,1,0,1,0,1,1,0,181,2497,nailv
525141382,331,0.9425981873111783,10.809667673716012,0,5,0,0,1,0,1,0,1,1,0,5,152,nailv
24757143,10,1.0,16.0,0,6,0,0,0,1,0,0,0,1,0,38,155,nailv
13892390,783,0.946360153256705,8.836526181353767,0,6,0,0,1,0,1,1,1,1,0,0,200,nailv
628638867,118,0.652542372881356,21.177966101694917,1,6,0,0,1,0,1,1,1,0,0,1,33,nailv
641938,1,1.0,3.0,0,6,0,0,1,0,0,0,0,0,0,0,58,nailv
1056997306,160,0.925,12.20625,1,6,0,0,1,1,1,1,1,1,0,172,696,nailv
492168831,7,1.0,5.428571428571429,0,4,0,0,0,0,0,0,0,1,0,0,9,nailv
156565726,54,0.9814814814814815,8.703703703703704,1,5,0,0,0,0,1,1,1,0,0,0,121,nailv
1738921950,7,1.0,9.571428571428571,0,5,0,0,0,0,0,0,0,0,0,0,0,nailv
14682810,0,1.0,0.0,1,6,0,0,0,0,1,0,1,0,0,3,128,nailv
8228111,0,1.0,0.0,1,6,0,0,1,0,0,0,1,1,0,2,56,nailv
15716046,19,0.7894736842105263,3.3157894736842106,0,6,0,0,0,0,1,0,1,0,0,6,31,nailv
5164831,7,1.0,4.714285714285714,0,6,0,0,0,1,1,0,1,1,0,8,96,nailv
76042986,10,0.6,19.2,0,5,0,0,0,0,0,0,1,0,0,0,44,nailv
33399549,191,0.93717277486911,10.69109947643979,1,6,0,0,0,0,0,1,0,1,0,2,40,nailv
204775278,89,1.0,7.662921348314606,0,6,0,0,1,0,0,1,1,1,0,0,9,nailv
296048102,5,1.0,13.4,0,6,1,0,1,0,0,0,0,0,0,0,39,nailv
7823767,12,0.8333333333333334,26.583333333333332,0,6,0,0,1,0,0,1,0,0,0,11,7,nailv
481456947,1,1.0,7.0,0,5,0,0,0,0,0,0,0,0,0,0,16,nailv
259217653,250,0.936,10.188,1,6,0,0,1,0,1,0,1,1,0,47,73,nailv
2821361,1,1.0,18.0,0,6,0,0,1,1,1,1,1,1,0,15,71,nailv
14369156,110,0.7181818181818181,8.263636363636364,0,6,0,0,0,0,0,0,1,0,0,0,0,nailv
23842016,416,0.6730769230769231,13.961538461538462,0,6,0,0,1,0,0,0,1,1,0,214,2687,nailv
14121783,1,1.0,76.0,0,6,0,0,0,0,1,0,1,1,0,4,104,nailv
5594243,23,0.782608695652174,28.565217391304348,0,5,0,1,0,0,0,0,0,0,0,0,25,nailv
4059937,146,0.8561643835616438,6.2534246575342465,0,6,0,0,0,0,0,1,1,1,0,2991,7359,nailv
34021901,2,1.0,46.5,0,6,0,0,0,0,1,1,0,0,0,2,45,nailv
279074,188,0.898936170212766,5.51595744680851,0,6,0,0,0,0,1,0,0,0,0,0,14,nailv
1862868900,2,1.0,3.5,0,5,0,0,1,0,1,0,0,1,0,0,41,nailv
19295374,33,0.6666666666666666,32.57575757575758,0,5,0,0,0,0,0,1,1,0,0,0,83,nailv
368136514,285,0.656140350877193,7.021052631578947,0,5,0,0,0,0,0,1,1,1,0,33,42,nailv
285856246,12,0.8333333333333334,5.5,0,6,0,0,0,0,1,0,0,0,0,3,30,nailv
208835,5,1.0,6.8,0,6,0,0,0,0,0,0,0,0,0,0,2,nailv
15852203,2,1.0,5.0,1,6,0,1,1,0,1,0,1,1,0,8,87,nailv
24897876,9,1.0,9.777777777777779,0,6,0,0,1,0,1,1,0,1,0,7,33,nailv
1203309181,1,1.0,2.0,0,5,0,0,0,0,1,1,1,1,0,0,2,nailv
1093344608,5,0.4,76.0,0,5,0,0,1,0,0,1,0,1,0,1,29,nailv
10754470,42,0.9523809523809523,6.404761904761905,0,6,0,0,1,0,0,0,0,0,0,0,11,nailv
56073645,200,0.7,10.16,1,6,0,0,1,1,0,1,1,0,0,9,84,nailv
4715242,24,0.9583333333333334,5.875,1,6,0,0,1,0,0,1,0,1,0,241,276,nailv
396913090,1,1.0,2.0,1,6,0,0,0,0,0,1,1,1,0,1,108,nailv
440263288,15,1.0,5.733333333333333,0,5,0,0,0,0,0,0,0,0,0,0,25,nailv
12724303,10,1.0,6.5,0,6,0,0,0,0,1,1,1,1,0,0,49,nailv
93382771,77,0.961038961038961,7.688311688311688,0,6,0,0,0,0,1,0,1,1,0,2,16,nailv
157743,2,1.0,6.0,0,6,0,0,0,0,0,0,1,0,0,0,45,nailv
383718717,8,1.0,9.5,0,5,0,0,0,0,0,1,0,0,0,0,67,nailv
3546869332445531,4,1.0,3.75,0,4,0,0,0,0,0,0,1,0,0,0,4,nailv
512475312,0,1.0,0.0,1,5,0,0,0,0,1,1,0,0,0,4,7,nailv
498684,106,0.5377358490566038,41.62264150943396,1,6,0,0,0,0,0,0,0,1,0,24,657,nailv
33051977,1,1.0,76.0,0,6,0,0,0,0,0,0,1,0,0,3,3,nailv
345916687,0,1.0,0.0,1,6,0,0,0,0,0,0,1,1,0,12,57,nailv
11552545,61,0.9836065573770492,5.950819672131147,1,5,0,0,0,0,0,0,0,0,0,0,7,nailv
3546811373455428,225,0.88,6.208888888888889,0,3,0,0,0,0,0,0,1,1,0,0,8,nailv
77601306,4,1.0,42.25,0,6,0,0,0,0,0,0,1,1,0,0,29,nailv
4520480,1,1.0,76.0,0,6,0,0,0,0,1,0,0,1,0,5,15,nailv
24078868,79,0.9113924050632911,7.430379746835443,0,6,0,0,1,0,0,0,1,1,0,0,11,nailv
5613959,44,0.9318181818181818,5.954545454545454,0,6,0,0,0,0,1,0,1,1,0,20,11,nailv
44736410,2,1.0,3.5,0,6,0,0,1,0,1,0,1,0,0,0,198,nailv
3546795076487820,3,1.0,15.333333333333334,0,4,0,0,0,0,0,0,0,0,0,0,3,nailv
195596687,0,1.0,0.0,1,6,0,0,1,0,1,1,1,1,0,4,21,nailv
375996855,20,0.95,7.5,0,6,0,0,0,0,0,1,1,1,0,9,24,nailv
7137057,176,0.9090909090909091,5.943181818181818,1,6,0,0,1,0,0,0,1,1,0,1,6,nailv
8081726,3,1.0,28.0,0,6,0,0,0,0,1,1,1,1,0,0,7,nailv
3690976870664974,6,1.0,30.333333333333332,0,2,0,1,0,0,1,0,0,0,0,1,2,nailv
2723527,18,1.0,4.833333333333333,0,6,0,0,1,0,1,0,1,1,0,5,106,nailv
1896828089,31,0.6451612903225806,22.838709677419356,0,5,0,0,0,0,0,0,0,0,0,0,1,nailv
170631170,13,0.9230769230769231,5.461538461538462,0,6,0,0,1,0,1,0,0,1,0,1,50,nailv
152715,1,1.0,77.0,0,6,0,0,1,1,1,1,0,0,0,1,610,nailv
8256415,6,1.0,4.166666666666667,0,6,0,0,0,0,1,1,1,1,0,9,51,nailv
505981499,9,0.3333333333333333,60.77777777777778,0,5,0,0,0,0,1,0,1,0,0,0,56,nailv
3834391,4,1.0,3.0,0,6,0,0,0,0,1,0,1,1,0,0,0,nailv
502974336,47,0.8723404255319149,7.787234042553192,1,6,0,0,1,0,1,1,1,1,0,4,5,nailv
32439869,15,1.0,14.466666666666667,0,6,0,0,0,0,0,0,0,0,0,1,110,nailv
445257,3,1.0,28.333333333333332,0,6,0,0,1,0,1,1,1,1,0,5,2,nailv
4276327,17,0.8823529411764706,6.117647058823529,0,6,0,0,0,0,0,0,1,0,0,0,15,nailv
220450608,33,0.9393939393939394,14.272727272727273,1,6,0,0,1,0,0,0,0,0,0,0,25,nailv
295195510,3,0.6666666666666666,26.0,1,6,0,0,0,0,0,0,1,1,0,2,10,nailv
1827761323,0,1.0,0.0,1,5,0,0,1,0,1,0,1,1,0,48,128,nailv
233172,82,0.975609756097561,10.890243902439025,0,6,0,1,1,0,1,0,0,1,0,4,15,nailv
270511559,2,1.0,2.0,1,6,0,0,0,0,1,1,1,0,0,0,93,nailv
1289417,1,1.0,5.0,0,6,0,0,1,0,1,0,1,1,0,50,330,nailv
25725239,66,0.9848484848484849,17.166666666666668,0,6,0,0,1,0,0,0,0,0,0,5,66,nailv
3546693670799482,1,1.0,5.0,0,4,0,0,0,0,0,0,0,0,0,0,0,nailv
23333738,11,0.9090909090909091,5.363636363636363,0,6,0,1,1,0,1,0,1,1,0,0,2,nailv
1819491,2,1.0,5.5,0,6,0,0,0,0,0,0,1,1,0,4,74,nailv
2763,71,0.2112676056338028,8.971830985915492,1,6,0,0,1,0,0,0,0,1,0,124,5907,nailv
437633441,24,0.75,8.5,0,6,0,1,1,0,1,0,0,1,0,25,42,nailv
255051,5,1.0,6.0,0,6,0,0,1,0,0,0,1,0,0,0,12,nailv
2610127,5,0.8,48.4,0,6,0,0,1,0,1,1,1,0,0,0,18,nailv
244164946,12,1.0,9.583333333333334,0,6,1,0,0,0,0,0,0,0,0,0,1,nailv
8484910,59,0.7796610169491526,8.338983050847459,1,6,0,0,1,1,1,1,1,0,0,0,101,nailv
30351415,34,1.0,7.794117647058823,0,6,0,0,0,0,1,1,1,0,0,0,45,nailv
83483806,23,1.0,9.478260869565217,0,6,0,0,0,0,0,0,1,0,0,6,102,nailv
1879241,3,1.0,6.666666666666667,0,6,0,0,1,1,1,1,1,1,0,2,80,nailv
347831203,48,0.8958333333333334,5.0,1,6,0,0,1,1,1,1,1,1,0,6,82,nailv
319118856,239,0.38493723849372385,27.351464435146443,0,6,0,0,0,0,0,1,0,1,0,0,0,nailv
3546582662253289,28,0.7857142857142857,3.7142857142857144,0,4,0,0,0,0,1,0,1,0,0,0,1,nailv
36031600,6,1.0,9.333333333333334,0,6,0,0,0,1,1,0,1,1,0,0,238,nailv
20621924,16,0.875,14.625,0,6,0,0,1,0,1,0,1,1,0,7,48,nailv
24082541,1,1.0,6.0,0,6,0,0,0,0,0,0,1,1,0,411,1088,nailv
4567027,4,1.0,7.75,0,6,0,0,1,0,0,0,0,0,0,10,12,nailv
6605486,42,0.9047619047619048,5.333333333333333,0,6,0,0,0,0,1,1,0,0,0,1,10,nailv
3546983283296477,1,1.0,17.0,0,3,1,0,0,0,0,0,0,0,0,0,1,nailv
23074610,108,0.8796296296296297,5.425925925925926,0,6,0,0,0,0,0,0,0,1,0,114,51,nailv
8585740,1,1.0,34.0,0,6,0,0,0,0,1,0,1,0,0,0,54,nailv
30942288,38,1.0,5.947368421052632,0,6,0,0,0,0,0,0,1,0,0,0,56,nailv
486832308,52,0.8461538461538461,5.884615384615385,0,4,0,0,0,0,0,0,1,0,0,0,13,nailv
4169757,6,1.0,6.833333333333333,0,6,0,0,0,0,0,0,1,0,0,0,3,nailv
32690429,9,0.7777777777777778,2.888888888888889,0,6,0,0,0,0,1,0,1,0,0,0,13,nailv
50006615,5,1.0,24.4,0,6,0,0,1,0,0,0,0,1,0,0,56,nailv
535935019,64,0.578125,14.75,0,5,0,0,0,0,1,1,1,1,0,0,45,nailv
228138236,2,0.5,76.0,0,6,0,0,0,0,0,0,1,0,0,32,55,nailv
1361880422,0,1.0,0.0,1,6,0,0,1,0,1,1,1,1,0,13,18,nailv
160331808,2,1.0,5.5,0,6,0,1,0,1,1,0,1,1,0,1,33,nailv
3740124,3,1.0,5.333333333333333,0,6,0,0,0,0,0,0,1,1,0,0,125,nailv
13082524,1,1.0,13.0,0,6,0,0,1,0,1,1,0,1,0,209,173,nailv
228412,13,0.7692307692307693,48.38461538461539,0,6,0,0,1,0,0,0,0,0,0,1,67,nailv
1661351977,30,0.9666666666666667,9.966666666666667,0,6,0,0,0,0,0,0,0,0,0,0,67,nailv
16004772,17,0.4117647058823529,2.5294117647058822,0,6,0,1,1,1,1,1,1,1,0,4,49,nailv
8038187,96,0.7916666666666666,5.4375,0,6,0,0,0,0,1,0,0,1,0,643,74,nailv
46426974,6,1.0,6.333333333333333,0,6,0,0,1,0,0,0,1,1,0,0,4,nailv
19150431,13,0.6923076923076923,3.8461538461538463,0,6,0,0,0,0,1,0,0,1,0,4200,1667,nailv
454396,8,1.0,9.0,0,6,0,0,0,0,1,0,1,0,0,31,110,nailv
7407481,2,1.0,9.5,0,6,0,0,0,0,0,0,0,1,0,0,26,nailv
37229805,8,1.0,12.75,0,6,0,1,0,0,1,0,0,1,0,0,5,nailv
3638434,2,1.0,5.5,0,6,0,0,1,0,0,1,0,1,0,0,25,nailv
194692197,1,1.0,4.0,0,6,0,0,1,0,0,0,1,0,0,0,33,nailv
285094428,18,0.3333333333333333,56.55555555555556,0,6,0,0,1,0,0,1,0,0,0,4,5,nailv
38594007,6,1.0,3.6666666666666665,0,6,0,0,1,0,1,0,0,1,0,0,35,nailv
22632748,6,1.0,4.833333333333333,0,6,0,0,1,0,1,0,1,1,0,3,15,nailv
14094162,0,1.0,0.0,1,6,0,0,1,0,1,1,1,0,0,0,4,nailv
152048770,12,0.6666666666666666,2.0,0,5,0,0,0,0,1,1,1,1,0,0,74,nailv
24360869,65,0.6615384615384615,4.030769230769231,0,6,0,0,0,0,1,1,0,1,0,3,29,nailv
14861174,11,1.0,8.727272727272727,0,6,0,0,0,0,0,0,1,0,0,0,10,nailv
13246619,1,1.0,5.0,0,6,0,0,1,0,0,0,0,0,0,0,35,nailv
10076152,25,0.96,6.84,0,6,0,0,0,0,0,0,1,0,0,0,8,nailv
37886002,1,1.0,76.0,0,6,0,0,0,0,1,0,1,0,0,0,65,nailv
1049910365,5,0.8,2.6,1,5,0,0,0,0,0,0,1,0,0,0,15,nailv
321185163,0,1.0,0.0,1,6,0,0,1,1,1,1,1,1,0,30,1214,nailv
8689227,63,0.8571428571428571,17.158730158730158,0,6,0,0,0,0,1,0,1,1,0,232,202,nailv
137380440,34,0.8529411764705882,9.352941176470589,1,6,0,0,1,0,0,0,1,1,0,71,1042,nailv
6795231,431,0.8793503480278422,6.580046403712297,0,6,0,0,0,0,0,1,0,1,0,2,155,nailv
1396829,4,1.0,3.25,0,6,0,0,1,0,1,0,1,1,0,39,46,nailv
560282855,16,0.9375,9.5625,1,5,0,0,0,0,0,0,0,1,0,2,5,nailv
20745204,6,1.0,18.333333333333332,0,6,0,0,1,0,1,1,1,1,0,1,7,nailv
412660363,8,1.0,22.0,0,6,0,0,0,0,0,1,0,1,0,0,70,nailv
63998,3,1.0,9.333333333333334,1,6,0,0,0,0,0,1,1,1,0,0,34,nailv
54332648,2,1.0,7.5,0,6,0,1,0,0,1,1,0,1,0,0,60,nailv
383880183,21,0.9523809523809523,12.333333333333334,0,6,0,0,0,0,0,0,0,0,0,13,81,nailv
67977710,10,1.0,9.3,0,6,0,0,0,0,1,1,1,1,0,33,149,nailv
384576901,6,1.0,17.666666666666668,0,6,0,0,0,0,0,0,1,1,0,28,82,nailv
365728,37,0.8648648648648649,8.702702702702704,1,6,0,0,0,1,1,1,1,0,0,0,9,nailv
172313264,1,1.0,3.0,0,6,0,1,0,0,0,0,1,1,0,2,72,nailv
182353272,1,1.0,9.0,1,5,0,0,0,0,0,0,1,1,0,0,6,nailv
1886953,8,0.75,7.0,0,6,0,0,0,0,1,1,1,0,0,9,195,nailv
431410658,425,0.9176470588235294,7.656470588235294,0,6,0,0,1,0,1,0,1,1,0,0,1,nailv
557624,2,1.0,5.0,0,6,0,0,1,0,0,0,1,1,0,19,64,nailv
82379869,26,0.8846153846153846,3.8846153846153846,0,6,0,0,0,0,0,1,0,0,0,0,30,nailv
89340300,18,1.0,8.88888888888889,1,6,0,0,1,0,1,1,1,1,0,54,55,nailv
37553585,6,1.0,7.166666666666667,0,6,0,0,1,0,1,1,1,1,0,0,34,nailv
272579526,136,1.0,6.8088235294117645,0,6,0,0,0,0,1,0,1,1,0,99,7214,nailv
113291981,4,0.75,4.25,0,5,0,0,0,0,0,0,0,0,0,0,19,nailv
242832,1,1.0,6.0,0,6,0,0,1,0,1,1,1,0,0,0,3,nailv
196917138,23,0.8260869565217391,4.478260869565218,0,5,0,0,0,0,0,0,0,0,0,40,43,nailv
123787,21,0.8571428571428571,6.0476190476190474,0,6,0,0,0,0,0,0,1,1,0,0,35,nailv
1674449174,56,0.8571428571428571,11.464285714285714,1,5,0,0,0,0,0,0,1,1,0,6,223,nailv
3546917516609909,82,0.8414634146341463,13.329268292682928,0,2,0,0,0,0,1,0,0,0,0,0,0,nailv
53436874,2,1.0,39.5,0,6,0,0,1,0,1,1,1,1,0,4,25,nailv
672361460,4,1.0,4.25,0,5,0,0,1,0,0,0,1,1,0,4,68,nailv
43109705,6,1.0,5.666666666666667,0,6,0,0,0,0,0,0,1,0,0,2,79,nailv
12713497,170,0.7588235294117647,4.752941176470588,0,6,0,0,1,0,0,0,0,0,0,0,46,nailv
34073760,24,0.6666666666666666,6.166666666666667,0,6,0,0,0,0,1,1,1,0,0,14,335,nailv
697132887,1,1.0,14.0,0,5,0,0,0,0,1,0,0,0,0,0,18,nailv
37065420,13,1.0,8.307692307692308,1,6,0,0,0,0,0,1,1,1,0,8,16,nailv
555194,7,1.0,5.285714285714286,0,6,0,0,1,0,0,0,0,0,0,14,120,nailv
114427706,68,0.8088235294117647,6.573529411764706,0,6,0,0,1,1,1,1,1,1,0,50,182,nailv
234464775,10,0.7,26.4,0,6,0,0,1,0,0,0,1,1,0,1,11,nailv
289094257,13,0.6153846153846154,36.46153846153846,0,6,0,0,0,0,1,0,0,1,0,6,340,nailv
25327263,27,0.8518518518518519,4.185185185185185,0,6,0,0,1,0,1,0,0,1,0,0,81,nailv
573377318,30,1.0,6.6,0,5,0,0,1,0,0,1,0,1,0,0,23,nailv
13295119,36,0.9166666666666666,6.194444444444445,0,6,0,0,0,0,0,1,1,0,0,1,16,nailv
183622435,21,1.0,6.809523809523809,0,6,0,0,0,0,0,0,1,0,0,0,31,nailv
867999,34,0.5294117647058824,49.029411764705884,1,6,0,0,0,1,1,0,0,0,0,5,249,nailv
1986662,11,0.5454545454545454,70.18181818181819,0,6,0,0,1,1,1,1,1,0,0,28,2220,nailv
5917871,3,0.6666666666666666,2.6666666666666665,0,6,0,0,1,0,0,0,1,0,0,0,27,nailv
33771476,2,1.0,8.5,0,6,0,0,0,0,1,1,1,1,0,3,16,nailv
5851976,4,1.0,2.0,0,6,0,0,0,0,1,1,1,0,0,0,58,nailv
82438,10,1.0,7.2,0,6,0,0,0,1,1,0,0,1,0,2,69,nailv
69196523,3,1.0,18.333333333333332,0,6,0,0,0,0,1,1,1,1,0,5,119,nailv
97303,3,1.0,7.666666666666667,0,6,0,0,0,0,1,1,1,1,0,3,34,nailv
7576075,2,1.0,11.0,0,6,0,0,0,0,0,0,1,0,0,8,128,nailv
14337375,2,1.0,3.0,0,6,0,0,1,0,1,1,1,1,0,0,1,nailv
314682,1,1.0,24.0,0,6,0,0,1,0,0,0,1,0,0,2,170,nailv
630236870,10,0.8,25.9,1,5,0,0,0,0,0,1,1,0,0,0,48,nailv
57494515,11,0.9090909090909091,8.090909090909092,0,6,0,0,1,0,0,1,0,1,0,17,90,nailv
110066468,19,0.9473684210526315,9.421052631578947,0,6,0,0,0,0,0,1,1,1,0,7,132,nailv
278031038,24,1.0,5.25,0,6,1,0,0,0,0,0,1,0,0,0,4,nailv
94528854,2,1.0,7.5,0,5,0,0,1,0,0,1,0,0,0,0,5,nailv
4721998,6,1.0,3.1666666666666665,0,6,0,0,1,0,0,1,1,1,0,80,223,nailv
49523139,67,1.0,9.26865671641791,0,6,0,0,0,0,1,0,0,0,0,8,93,nailv
2783309,1,1.0,11.0,0,6,0,0,1,0,0,0,1,1,0,0,4,nailv
7993586,6,1.0,6.833333333333333,0,6,1,0,1,0,0,0,0,0,0,0,2,nailv
7159699,11,0.9090909090909091,9.545454545454545,0,0,0,0,0,0,0,0,0,0,0,1,1,nailv
35940143,2,1.0,5.0,0,6,0,0,0,0,0,0,0,0,0,0,40,nailv
7526608,5,1.0,9.4,0,6,0,0,1,0,0,0,1,1,0,12,43,nailv
515200,1,1.0,76.0,0,6,0,0,0,0,0,1,1,1,0,0,0,nailv
256104315,24,0.875,17.125,0,6,0,0,0,0,0,0,1,1,0,1,21,nailv
23792422,1,1.0,76.0,0,6,0,0,0,0,0,0,1,1,0,2,42,nailv
36593074,4,0.25,76.0,0,5,0,0,0,0,0,1,1,0,0,0,5,nailv
1284997008,4,0.5,1.25,0,5,0,0,1,0,0,0,0,1,0,0,45,nailv
274998231,11,0.7272727272727273,15.909090909090908,0,6,0,0,1,0,1,1,1,1,0,2,11,nailv
261469809,1,1.0,5.0,0,6,0,0,1,0,0,1,1,0,0,1,35,nailv
1029571503,1,1.0,76.0,0,5,0,0,0,0,1,0,1,1,0,0,13,nailv
22935752,6,1.0,4.333333333333333,0,6,0,0,1,0,0,0,0,0,0,4,22,nailv
295598272,3,1.0,4.0,0,6,0,0,0,0,0,0,1,0,0,0,5,nailv
4932468,5,1.0,8.2,0,6,0,1,1,0,1,1,1,0,0,0,11,nailv
9128547,12,1.0,11.583333333333334,0,6,0,0,1,0,1,1,0,1,0,0,8,nailv
18144002,34,0.5882352941176471,40.411764705882355,0,6,0,0,1,0,0,1,1,1,0,0,21,nailv
531805293,2,1.0,77.0,0,5,0,0,0,0,1,0,1,1,0,1,21,nailv
87615461,1,1.0,4.0,0,6,0,0,0,0,0,0,1,0,0,3,63,nailv
94009831,36,0.3888888888888889,12.055555555555555,0,6,0,0,0,0,1,1,1,1,0,998,6435,nailv
484661050,4,1.0,3.75,0,5,0,0,0,0,0,0,0,0,1,0,11,nailv
28073696,1,1.0,76.0,0,6,0,0,1,0,1,0,0,1,0,181,292,nailv
1334010475,36,1.0,11.75,1,4,0,0,0,0,0,0,0,1,0,0,35,nailv
430111702,0,1.0,0.0,1,6,0,1,0,0,0,0,1,0,0,0,13,nailv
305971070,48,0.8958333333333334,19.833333333333332,0,5,0,0,1,0,1,0,1,1,0,81,408,nailv
81843081,1,1.0,15.0,0,6,0,0,0,0,1,0,0,1,0,0,40,nailv
7517669,1,1.0,7.0,0,6,0,0,0,0,0,1,1,1,0,0,7,nailv
872047,18,0.8888888888888888,6.277777777777778,0,6,0,0,0,0,1,0,0,1,0,0,58,nailv
259617297,4,1.0,8.5,0,6,0,0,1,0,0,0,0,0,0,0,24,nailv
272840984,1,1.0,10.0,0,6,0,0,0,0,1,1,1,1,0,14,18,nailv
1293975,41,0.926829268292683,10.341463414634147,0,6,0,0,0,0,0,0,1,0,0,8,263,nailv
160258,14,1.0,5.642857142857143,0,6,0,0,0,0,0,0,0,1,0,0,27,nailv
340536436,221,0.6515837104072398,5.334841628959276,0,6,0,0,1,0,1,1,1,1,0,0,1,nailv
3934079,1,1.0,76.0,0,6,0,1,1,0,1,0,1,1,0,0,103,nailv
20135580,32,0.84375,6.71875,0,6,0,0,0,0,0,0,0,0,0,0,38,nailv
516235900,4,1.0,9.25,0,5,0,0,0,0,1,0,1,1,0,0,36,nailv
13844551,8,1.0,3.5,0,6,0,0,1,0,1,1,1,1,0,10,34,nailv
221535,8,1.0,5.875,0,6,0,0,0,0,0,1,0,0,0,1,73,nailv
7041900,9,1.0,6.888888888888889,0,6,0,0,0,0,0,0,0,0,0,0,13,nailv
6555020,8,0.75,4.25,0,6,0,0,0,0,0,0,1,0,0,0,2,nailv
133070385,1,1.0,9.0,0,6,0,0,1,0,1,0,1,1,0,2,28,nailv
86715220,88,1.0,8.659090909090908,1,6,0,0,0,0,0,0,1,1,0,0,6,nailv
391395420,5,0.6,62.0,0,6,0,0,0,0,1,0,0,1,0,59,64,nailv
10865329,6,1.0,7.666666666666667,0,6,0,0,1,0,0,0,1,1,0,805,726,nailv
3173439,1,1.0,4.0,0,6,0,0,0,0,0,0,1,1,0,0,0,nailv
1270994,20,1.0,10.2,1,6,1,0,1,0,0,1,1,1,0,0,80,nailv
3546772756498608,17,1.0,5.0588235294117645,0,4,0,0,0,0,0,0,1,0,0,5,7,nailv
101170257,3,0.6666666666666666,9.0,0,6,0,0,0,0,0,0,0,1,0,0,0,nailv
1682586,5,1.0,4.8,0,6,0,0,0,0,0,0,0,0,0,0,39,nailv
1826962,3,1.0,8.666666666666666,0,6,0,0,1,0,1,0,0,1,0,0,0,nailv
1511929,3,1.0,3.6666666666666665,0,6,0,0,1,0,1,0,0,0,0,0,16,nailv
3546588404255130,10,1.0,10.3,1,4,0,0,0,0,0,0,1,0,0,0,0,nailv
233372631,6,1.0,2.8333333333333335,0,4,0,0,0,0,0,0,0,0,0,0,0,nailv
27680779,1,1.0,4.0,0,6,0,0,1,0,1,1,1,1,0,0,64,nailv
168744916,2,1.0,4.0,0,5,0,0,0,0,0,0,0,0,0,0,26,nailv
3305896,3,1.0,12.666666666666666,0,6,0,0,0,0,1,0,0,1,0,0,12,nailv
5473109,0,1.0,0.0,1,4,0,0,0,0,1,0,1,1,0,1,21,nailv
22137667,0,1.0,0.0,1,5,0,0,0,0,0,0,0,0,0,0,37,nailv
587749,2,1.0,5.0,0,6,0,0,1,0,1,0,1,0,0,0,6,nailv
18888169,8,1.0,5.375,0,6,0,0,0,1,1,0,1,0,0,1,0,nailv
247282692,16,0.6875,26.1875,1,6,0,0,0,0,1,1,1,1,0,255,1021,nailv
353124844,7,1.0,19.0,0,6,0,0,1,0,0,0,0,0,0,0,39,nailv
34851773,9,1.0,4.111111111111111,0,6,0,0,0,0,1,0,1,0,0,0,20,nailv
175047519,1,1.0,76.0,0,6,0,0,0,0,0,0,0,0,0,0,19,nailv
10738,27,0.9629629629629629,5.814814814814815,0,6,0,0,0,0,1,0,1,1,0,0,57,nailv
604045,1,1.0,30.0,1,6,0,0,1,0,1,0,0,0,0,0,175,nailv
94116608,5,1.0,5.2,0,6,0,0,0,1,0,0,0,1,0,4,27,nailv
10051117,43,0.8604651162790697,10.13953488372093,0,6,0,0,1,1,0,0,1,0,0,5,18,nailv
75876482,2,0.5,76.0,0,6,0,0,1,0,1,1,0,0,0,0,56,nailv
4579946,2,1.0,2.5,0,6,0,0,1,0,0,0,0,0,0,2,49,nailv
20954876,4,0.75,19.75,0,6,0,0,0,0,1,0,1,1,0,0,56,nailv
2165384,5,0.4,62.8,0,6,0,0,0,0,1,0,1,0,0,218,598,nailv
763534,9,0.8888888888888888,9.0,0,6,0,0,1,0,0,1,1,1,0,0,44,nailv
358505827,1,1.0,9.0,0,6,0,0,1,0,1,0,1,1,0,0,39,nailv
1386842509,2,1.0,38.5,0,5,0,0,0,0,0,0,1,0,0,0,3,nailv
40220716,62,0.9838709677419355,6.548387096774194,0,6,0,0,1,0,0,0,1,0,0,0,50,nailv
58492423,1,1.0,76.0,0,5,0,0,0,0,0,0,0,0,1,0,6,nailv
80967503,8,0.875,32.625,0,5,0,0,0,0,1,1,1,0,0,0,59,nailv
702536,17,1.0,10.117647058823529,0,6,0,1,0,0,1,0,1,1,0,30,368,nailv
34293530,4,1.0,6.5,0,6,0,0,1,0,0,0,1,1,0,15,108,nailv
355666847,25,0.88,9.08,0,6,0,0,0,0,1,1,1,1,0,0,31,nailv
25050994,1,1.0,6.0,0,6,1,0,0,0,0,0,0,0,0,0,70,nailv
38724902,3,1.0,4.666666666666667,0,6,0,0,0,0,1,0,0,1,0,12,501,nailv
30294865,2,0.5,1.0,0,6,0,0,0,0,0,1,0,1,0,4,13,nailv
397648823,17,0.5882352941176471,8.058823529411764,0,5,0,0,0,0,1,0,1,1,0,0,119,nailv
1768446,6,1.0,4.666666666666667,0,6,0,1,0,0,1,1,1,1,0,5,31,nailv
160439131,6,1.0,7.333333333333333,0,6,0,0,1,0,1,0,1,1,0,1131,1297,nailv
263203,1,1.0,7.0,0,6,0,0,1,0,0,0,0,0,0,3,60,nailv
15870896,1,1.0,11.0,0,6,0,0,0,0,0,1,0,0,0,0,239,nailv
24934002,2,1.0,2.0,0,6,0,0,0,0,1,1,0,0,0,0,3,nailv
132182,2,1.0,7.5,0,6,0,0,1,0,1,1,0,1,0,18,636,nailv
599453561,1,1.0,15.0,1,3,0,0,0,0,0,0,0,0,0,0,4,nailv
1427722377,1,1.0,5.0,0,4,0,0,0,0,0,0,0,0,0,0,2,nailv
415413210,16,0.875,27.3125,0,5,0,1,0,0,1,1,1,1,0,0,4,nailv
383250238,7,0.8571428571428571,27.428571428571427,0,5,0,0,1,0,0,0,0,0,0,2,60,nailv
609976549,27,0.8518518518518519,16.703703703703702,0,5,0,0,0,0,1,0,1,1,0,1170,717,nailv
488011832,0,1.0,0.0,1,6,0,0,0,1,1,0,1,1,0,3,51,nailv
37775344,2,0.5,1.0,0,5,0,0,0,0,1,1,1,1,0,0,52,nailv
734886,3,0.6666666666666666,52.0,0,6,0,0,1,0,1,0,1,0,0,4,18,nailv
22319672,10,0.7,9.4,0,6,0,0,1,1,1,1,1,1,0,10,12,nailv
2450869,28,0.8214285714285714,5.535714285714286,0,6,0,0,1,0,1,0,0,0,0,0,46,nailv
321466812,2,1.0,2.5,0,6,0,0,0,1,0,0,1,1,0,2,39,nailv
697026034,4,0.75,3.5,0,5,0,0,0,0,1,1,1,0,0,0,1,nailv
900914,4,1.0,3.75,0,6,0,0,0,0,1,0,1,1,0,1,234,nailv
9365560,13,0.9230769230769231,6.0,0,6,0,1,0,0,1,1,1,1,0,21,158,nailv
1859948353,1,1.0,76.0,0,4,0,0,0,0,0,0,0,0,0,0,11,nailv
13351821,4,1.0,19.75,0,6,0,0,0,0,0,0,1,0,0,0,28,nailv
46511381,20,1.0,11.95,0,6,0,0,0,0,0,0,1,1,0,0,21,nailv
26082976,2,1.0,5.0,0,6,0,0,0,0,1,0,1,1,0,0,43,nailv
25317545,42,0.8095238095238095,6.690476190476191,0,6,0,0,0,0,0,0,0,0,0,0,0,nailv
19352513,15,0.9333333333333333,5.933333333333334,0,6,0,0,0,0,0,1,1,0,0,0,24,nailv
151161078,1,1.0,1.0,1,6,0,0,1,0,1,1,1,1,0,2,64,nailv
8768234,10,0.9,5.7,0,6,0,0,0,0,0,0,0,1,0,0,14,nailv
269900847,3,1.0,3.6666666666666665,0,5,0,0,1,0,1,0,1,1,0,18,484,nailv
129782794,11,0.9090909090909091,4.0,0,6,0,0,1,0,1,1,1,1,0,0,67,nailv
279971008,3,0.3333333333333333,76.0,0,6,0,0,0,0,1,1,1,1,0,0,31,nailv
277968136,1,1.0,1.0,0,5,0,0,0,0,0,0,1,0,0,0,21,nailv
151065123,3,1.0,4.666666666666667,0,5,0,0,0,0,0,0,0,0,0,2,6,nailv
23935910,2,1.0,7.0,0,6,0,0,0,0,0,0,0,1,0,0,45,nailv
11367399,25,0.92,4.56,0,6,0,0,0,0,1,0,1,0,0,0,49,nailv
4089753,15,0.9333333333333333,9.2,0,6,0,0,1,0,0,1,1,1,0,3,36,nailv
19198316,2,1.0,39.0,0,6,0,0,0,0,1,0,1,1,0,0,10,nailv
470624620,1,1.0,7.0,0,4,0,0,1,0,0,0,1,0,0,0,26,nailv
9155404,3,1.0,5.666666666666667,0,6,0,1,1,0,0,1,1,1,0,0,3,nailv
449652979,0,1.0,0.0,1,6,0,0,1,1,0,0,0,1,0,71,168,nailv
242057069,9,1.0,23.88888888888889,0,6,0,0,0,0,0,0,1,0,0,0,32,nailv
9075392,1,1.0,12.0,0,6,0,0,0,0,0,1,0,0,0,0,2,nailv
13534199,4,1.0,6.25,0,6,0,0,1,0,1,1,1,0,0,0,76,nailv
745977,7,1.0,6.428571428571429,0,6,0,0,0,1,1,1,0,0,0,0,45,nailv
229551971,0,1.0,0.0,1,6,0,0,0,0,1,0,1,0,0,1,12,nailv
23818379,2,1.0,5.0,0,6,0,0,0,0,0,0,1,1,0,10,55,nailv
2796373,18,0.8333333333333334,27.77777777777778,0,6,0,0,1,0,0,0,0,0,0,0,21,nailv
291288417,17,0.8235294117647058,40.588235294117645,0,6,0,0,1,0,0,0,0,0,0,0,7,nailv
13497564,3,1.0,2.0,0,6,0,0,1,0,1,0,1,0,0,1,124,nailv
6481047,8,1.0,4.75,1,6,0,0,0,0,1,0,1,1,0,26,128,nailv
268961184,5,0.8,32.4,0,6,0,0,1,0,0,0,0,1,0,0,9,nailv
50060892,38,0.5789473684210527,3.1315789473684212,0,6,0,0,1,0,1,1,1,1,0,0,83,nailv
1701003749,8,0.5,67.625,1,5,0,0,0,0,1,0,1,0,0,0,25,nailv
208043,16,1.0,6.125,0,6,0,0,0,0,1,1,1,1,0,159,3929,nailv
743072,3,0.6666666666666666,26.0,0,6,0,0,0,0,0,0,1,0,0,0,22,nailv
238076028,10,0.6,9.1,1,6,0,0,0,0,0,1,1,0,0,1,65,nailv
19884007,5,1.0,3.4,0,6,0,0,0,0,1,0,1,1,0,66,122,nailv
402086612,29,0.9655172413793104,6.793103448275862,0,6,0,1,0,0,1,1,0,1,0,1,175,nailv
82546,1,1.0,2.0,0,6,0,0,1,0,1,1,1,0,0,13,60,nailv
224710700,2,1.0,7.0,0,5,0,0,0,0,0,0,1,1,0,0,7,nailv
33465853,7,1.0,3.0,0,6,0,0,0,0,0,0,1,0,0,0,15,nailv
360403956,4,1.0,4.0,0,5,0,0,1,0,0,0,0,0,0,0,2,nailv
22803170,1,1.0,1.0,0,6,0,0,0,0,1,0,1,1,0,16,10285,nailv
2030340,8,1.0,6.875,0,6,0,0,1,0,1,1,0,1,0,0,36,nailv
874081,6,1.0,8.0,0,6,0,0,1,0,1,1,0,0,0,4,60,nailv
6071399,4,1.0,6.5,0,6,0,0,0,0,1,0,1,1,0,6,24,nailv
412066046,6,1.0,21.833333333333332,0,6,0,0,0,0,0,0,1,1,0,14,40,nailv
55430735,6,1.0,10.0,0,6,0,0,0,0,0,0,0,1,0,12,178,nailv
23863840,5,1.0,6.6,0,4,0,0,1,0,1,0,1,1,0,0,40,nailv
170174207,2,1.0,6.0,1,6,0,0,1,0,1,1,0,0,0,0,12,nailv
432706385,4,1.0,39.0,0,6,0,0,1,0,1,1,0,0,0,2,88,nailv
1500381244,7,1.0,5.714285714285714,0,6,0,0,0,0,1,1,1,0,0,81,5,nailv
102394544,14,0.7142857142857143,26.0,1,6,0,0,1,1,1,0,1,1,0,0,48,nailv
14387476,1,1.0,9.0,0,6,0,0,0,0,0,1,0,1,0,0,13,nailv
54518683,7,1.0,4.714285714285714,0,6,0,0,1,0,0,0,1,0,0,0,0,nailv
65184249,2,1.0,3.5,0,6,0,0,1,0,0,0,0,0,0,0,48,nailv
13464326,8,1.0,4.125,0,6,0,0,0,0,0,1,1,1,0,3,9,nailv
27546524,29,0.9310344827586207,19.96551724137931,0,6,0,0,0,0,1,0,1,1,0,0,36,nailv
2673942,2,1.0,17.5,0,6,0,0,0,0,0,0,0,1,0,1,18,nailv
575163,9,1.0,6.555555555555555,0,6,0,0,0,0,0,0,1,1,0,0,18,nailv
877898,1,1.0,5.0,0,6,0,0,0,0,1,1,0,1,0,0,80,nailv
50409524,6,1.0,4.666666666666667,0,5,0,0,0,0,0,0,0,0,0,0,17,nailv
32746791,13,1.0,9.76923076923077,0,5,0,0,0,0,0,0,1,0,0,0,68,nailv
16737716,10,1.0,7.2,0,6,0,0,0,0,0,1,0,0,0,0,2,nailv
333813238,1,1.0,5.0,0,6,0,0,1,0,1,0,1,1,0,1,67,nailv
200710555,66,0.9545454545454546,8.151515151515152,0,6,0,0,1,0,0,0,1,1,0,0,28,nailv
12141429,1,1.0,7.0,0,6,0,0,0,0,0,0,0,1,0,0,17,nailv
14059388,3,1.0,7.0,1,6,0,0,1,0,1,1,1,1,0,1,39,nailv
13660912,6,1.0,3.8333333333333335,0,6,0,0,1,0,0,0,0,1,0,20,65,nailv
1453048,5,1.0,5.8,0,6,0,0,1,0,1,0,1,1,0,105,1105,nailv
428258195,127,0.84251968503937,7.0,0,5,0,1,0,0,0,0,1,1,0,0,53,nailv
272735271,1,1.0,3.0,0,6,0,0,0,0,1,0,1,1,0,0,63,nailv
7419971,8,1.0,6.875,0,6,0,0,0,0,1,0,1,1,0,2,8,nailv
41844783,0,1.0,0.0,1,6,0,0,0,0,0,0,0,0,0,0,30,nailv
246440029,1,1.0,6.0,1,6,0,0,1,0,0,0,0,0,0,0,1,nailv
90414256,0,1.0,0.0,1,6,0,0,0,0,1,0,1,0,0,0,1,nailv
47707945,0,1.0,0.0,1,6,0,0,0,0,1,1,0,1,0,10,62,nailv
29655778,6,0.6666666666666666,40.166666666666664,1,6,0,0,0,0,1,0,0,0,0,0,30,nailv
8686402,14,0.9285714285714286,24.285714285714285,1,6,0,0,1,0,1,1,1,0,0,0,61,nailv
38443046,0,1.0,0.0,1,6,0,0,0,1,1,0,1,1,0,6,30,nailv
20556599,0,1.0,0.0,1,6,0,0,0,0,0,1,1,1,0,0,41,nailv
17214839,3,1.0,3.6666666666666665,0,5,0,0,0,0,0,1,1,1,0,0,0,nailv
46234,31,1.0,11.838709677419354,0,6,0,0,1,0,1,0,1,0,0,4,60,nailv
28649887,0,1.0,0.0,1,6,0,0,0,0,0,0,0,0,0,0,0,nailv
831518,1,1.0,76.0,1,6,0,0,1,0,1,0,1,1,0,0,34,nailv
36422658,1,1.0,7.0,0,6,0,0,0,0,1,0,1,1,0,33,127,nailv
441975737,1,1.0,7.0,0,5,0,0,0,0,0,1,0,0,0,0,1,nailv
34423090,13,1.0,4.384615384615385,0,6,0,1,1,0,1,0,1,1,0,168,765,nailv
19133308,4,1.0,3.0,0,6,0,0,0,0,1,0,1,1,0,66,26,nailv
3276649,0,1.0,0.0,1,6,0,0,0,0,1,0,1,1,0,40,53,nailv
9833564,2,1.0,40.0,0,6,0,0,1,0,0,0,1,1,0,0,21,nailv
446378075,16,1.0,4.125,0,6,0,0,0,1,0,0,0,0,0,0,0,nailv
4424596,0,1.0,0.0,1,6,0,0,0,0,0,0,0,0,0,0,18,nailv
102562725,0,1.0,0.0,1,6,0,0,0,0,1,1,0,1,0,0,17,nailv
30462283,0,1.0,0.0,1,6,0,0,1,0,1,0,1,1,0,0,12,nailv
249185687,20,0.85,21.75,0,6,0,0,1,0,1,1,1,0,0,2,11,nailv
43527970,1,1.0,10.0,0,5,0,0,1,0,0,1,1,0,0,2,40,nailv
26509796,5,1.0,3.6,0,6,0,0,0,0,1,0,0,0,0,2,45,nailv
8209790,1,1.0,5.0,0,6,0,0,1,0,0,0,1,0,0,0,45,nailv
399821181,0,1.0,0.0,1,5,0,0,0,0,0,0,1,1,0,0,2,nailv
83766565,1,1.0,2.0,0,6,0,0,1,1,1,0,1,0,0,2,67,nailv
38826287,7,0.8571428571428571,3.857142857142857,0,6,0,0,1,0,1,1,0,1,0,0,18,nailv
18934957,1,1.0,76.0,0,6,0,0,0,0,1,1,1,1,0,19,291,nailv
175361994,4,0.75,13.0,0,6,0,1,0,0,0,0,1,1,0,4,111,nailv
20852623,4,1.0,3.5,0,6,0,0,1,0,1,1,1,0,0,5,12,nailv
1015692156,8,1.0,4.0,0,5,0,0,0,0,0,0,0,0,0,8,7,nailv
9748490,1,1.0,8.0,0,6,0,0,0,0,0,0,0,1,0,19,108,nailv
319809,1,1.0,76.0,0,5,0,0,0,0,1,0,0,0,0,0,99,nailv
77010112,72,0.5555555555555556,17.569444444444443,0,6,0,0,0,0,0,0,1,1,0,2,60,nailv
22940763,1,1.0,1.0,0,6,0,1,1,0,1,0,1,0,0,0,47,nailv
29682204,5,1.0,5.4,0,6,0,0,0,0,0,0,1,1,0,0,46,nailv
4120872,3,1.0,14.0,0,6,0,0,0,0,0,0,0,0,0,1,18,nailv
562290048,1,1.0,76.0,0,5,0,0,1,0,1,0,0,0,0,0,46,nailv
2612274,0,1.0,0.0,1,6,0,1,1,0,1,1,1,1,0,0,23,nailv
317676427,9,1.0,6.555555555555555,0,6,0,0,0,0,0,0,1,1,0,0,24,nailv
270796568,11,0.36363636363636365,1.4545454545454546,1,6,0,0,1,0,0,0,1,1,0,345,4608,nailv
504372907,2,1.0,6.0,0,5,0,0,0,0,0,0,0,1,0,3,131,nailv
8199219,1,1.0,6.0,0,6,0,0,0,0,1,0,0,1,0,0,48,nailv
257645292,1,1.0,2.0,0,6,0,0,1,0,1,1,0,0,0,1,68,nailv
382265093,3,1.0,7.333333333333333,1,6,0,0,0,0,0,0,1,0,0,0,0,nailv
565203,1,1.0,3.0,0,6,0,0,1,0,1,1,1,1,0,2,96,nailv
3990976,1,1.0,5.0,0,6,0,0,1,0,0,1,1,0,0,0,18,nailv
7258822,1,1.0,9.0,0,6,0,0,1,0,0,0,0,1,0,0,27,nailv
37887436,0,1.0,0.0,1,6,0,0,0,0,0,0,0,1,0,2,37,nailv
596413982,14,1.0,4.214285714285714,1,6,0,1,0,0,1,1,0,1,0,1,46,nailv
11498403,10,1.0,4.6,0,6,0,0,1,0,0,0,1,0,0,6,34,nailv
19548911,3,1.0,7.333333333333333,0,6,0,0,1,0,0,0,1,1,0,13,501,nailv
51133490,47,1.0,6.531914893617022,0,6,0,0,0,0,1,1,0,0,0,0,110,nailv
8301294,2,1.0,4.5,0,6,0,0,1,0,1,1,0,0,0,12,72,nailv
13259372,3,1.0,36.333333333333336,0,6,0,0,0,0,0,1,1,1,0,135,334,nailv
228817311,0,1.0,0.0,1,6,0,0,1,0,1,1,1,0,0,1,56,nailv
40768690,1,1.0,3.0,0,6,0,0,0,1,1,1,0,0,0,0,48,nailv
15328781,13,0.8461538461538461,21.076923076923077,0,6,0,0,0,0,0,0,0,0,0,0,69,nailv
1745454,4,1.0,7.5,0,6,0,0,1,0,1,0,1,0,0,2,20,nailv
3653444,6,0.6666666666666666,3.1666666666666665,0,6,0,0,1,0,1,0,1,0,0,0,18,nailv
239187,33,0.24242424242424243,60.81818181818182,0,6,0,0,0,0,0,0,0,0,0,0,7,nailv
13227688,2,1.0,40.0,0,6,0,0,1,0,1,1,0,1,0,0,50,nailv
62792775,2,1.0,6.0,0,6,0,0,1,0,1,1,0,1,0,0,11,nailv
14931794,3,1.0,9.333333333333334,0,6,0,0,0,1,0,0,0,0,0,0,0,nailv
7228835,1,1.0,6.0,0,6,0,0,1,0,0,0,1,0,0,0,2,nailv
379101464,13,0.5384615384615384,37.15384615384615,0,5,0,0,1,0,1,1,1,0,0,0,61,nailv
11926855,9,1.0,7.444444444444445,0,6,0,0,1,1,1,1,1,1,0,1,176,nailv
1591212,0,1.0,0.0,1,6,0,0,0,0,0,0,0,1,0,0,31,nailv
278009544,0,1.0,0.0,1,6,0,0,0,0,1,0,0,0,0,0,20,nailv
9187143,4,1.0,4.25,0,6,0,0,1,0,0,1,1,1,0,0,1,nailv
11179887,3,1.0,8.333333333333334,0,6,0,0,1,1,1,1,1,1,0,5,93,nailv
13072354,1,1.0,13.0,0,6,0,0,0,0,1,1,1,1,0,0,9,nailv
4235744,1,1.0,9.0,0,5,0,0,0,0,0,0,0,0,0,0,7,nailv
7476153,3,1.0,6.0,0,6,1,0,1,1,0,0,0,0,0,47,180,nailv
695379296,1,1.0,76.0,0,5,0,0,1,0,0,0,0,0,0,0,14,nailv
253472118,10,0.9,5.0,0,6,0,0,1,0,1,0,1,1,0,8,36,nailv
255282686,1,1.0,12.0,0,6,0,0,0,0,0,0,0,1,0,1,59,nailv
1992052,1,1.0,1.0,0,6,0,0,1,0,0,0,0,0,0,0,12,nailv
378849256,1,1.0,9.0,0,6,0,0,0,1,1,1,0,1,0,1,138,nailv
4563352,1,1.0,9.0,0,6,0,0,0,0,0,0,1,0,0,0,55,nailv
189921978,1,1.0,4.0,0,6,0,1,1,0,1,1,1,1,0,21,63,nailv
16808495,3,1.0,8.666666666666666,0,6,0,0,0,0,0,1,0,1,0,1,41,nailv
1617670,1,1.0,9.0,0,6,1,0,1,0,0,0,0,0,0,1,28,nailv
3546601788279313,3,0.6666666666666666,52.333333333333336,0,4,0,0,1,0,1,0,1,0,0,0,0,nailv
24175293,6,0.3333333333333333,8.5,0,5,0,0,1,0,0,0,1,0,0,0,8,nailv
172755080,2,1.0,8.5,0,6,0,0,0,0,1,1,1,1,0,4,35,nailv
308639259,2,1.0,9.5,0,6,0,0,0,0,0,0,1,1,0,1,14,nailv
427978,1,1.0,77.0,0,6,0,0,0,0,0,0,0,0,0,42,31,nailv
104965196,8,0.625,39.5,0,6,0,0,0,1,0,0,0,0,0,0,21,nailv
5178053,50,1.0,5.6,0,6,0,0,0,0,1,0,0,1,0,0,42,nailv
399488543,1,1.0,13.0,1,6,0,1,0,1,1,0,1,0,0,2,20,nailv
96951830,4,1.0,5.25,0,6,0,0,0,0,1,1,1,1,0,0,11,nailv
4186103,27,0.9259259259259259,7.7407407407407405,0,6,0,1,0,0,1,0,0,0,0,60,221,nailv
393998301,17,0.9411764705882353,5.235294117647059,1,5,0,0,1,0,0,0,0,0,0,0,24,nailv
648351547,2,1.0,9.0,1,6,0,0,0,1,1,0,1,1,0,8,15,nailv
145387,3,1.0,5.0,0,6,0,0,0,0,0,0,1,0,0,1,9,nailv
2770478,1,1.0,14.0,0,6,0,0,0,0,0,0,0,0,0,0,23,nailv
237196950,4,1.0,4.0,0,6,0,0,0,0,0,0,1,1,0,14,81,nailv
700060489,1,1.0,16.0,0,5,0,0,0,0,1,0,0,0,0,2,18,nailv
31381636,1,1.0,11.0,0,6,0,0,1,0,1,0,1,0,0,0,25,nailv
3546881858734367,2,1.0,7.5,0,3,0,0,0,0,0,0,1,1,0,1,2,nailv
41086946,2,1.0,14.5,0,6,1,0,0,0,0,0,0,0,0,0,49,nailv
277723542,2,0.5,7.0,0,6,0,0,1,0,0,0,1,1,0,0,32,nailv
20264201,1,1.0,6.0,0,6,0,0,0,0,0,0,0,0,0,0,45,nailv
1272169677,26,0.7692307692307693,21.307692307692307,0,5,0,0,0,0,1,0,1,0,0,4,160,nailv
506735723,1,1.0,4.0,0,5,0,0,1,0,0,0,1,0,0,0,30,nailv
487755740,9,0.5555555555555556,45.666666666666664,0,5,0,0,0,0,0,0,0,1,0,0,1,nailv
1814648,6,1.0,8.333333333333334,0,6,0,0,0,0,1,0,1,1,0,14,96,nailv
372777424,1,1.0,16.0,0,6,0,0,1,0,0,0,1,1,0,24,64,nailv
516407247,1,1.0,1.0,0,6,1,0,1,0,0,0,1,0,0,0,52,nailv
820458,3,1.0,8.333333333333334,0,6,0,0,0,0,0,0,0,0,0,0,35,nailv
93032586,3,1.0,27.666666666666668,0,5,0,0,0,0,1,1,0,1,0,0,53,nailv
13677042,5,0.8,3.8,0,6,0,0,0,0,1,0,1,0,0,815,807,nailv
386495214,1,1.0,3.0,1,5,0,1,0,0,1,0,1,0,0,0,51,nailv
6770530,14,1.0,10.214285714285714,0,6,0,0,0,0,0,0,0,0,0,0,52,nailv
35183460,1,1.0,2.0,0,6,0,0,0,0,0,0,1,0,0,0,5,nailv
237297506,8,1.0,3.75,0,6,0,0,1,0,0,0,1,0,0,0,10,nailv
127654,1,1.0,2.0,0,6,0,0,0,1,0,0,1,0,0,1,24,nailv
546455565,15,1.0,3.066666666666667,0,6,0,0,0,0,0,0,0,0,0,2,20,nailv
283832024,2,0.5,40.0,0,5,0,0,0,0,1,1,0,1,0,0,22,nailv
42216564,1,1.0,1.0,0,6,0,0,0,0,1,1,0,1,0,0,12,nailv
263043,1,1.0,76.0,0,6,0,0,0,0,1,0,0,1,0,2,22,nailv
24657771,1,1.0,2.0,1,6,0,0,0,0,1,0,1,1,0,1,35,nailv
8580445,2,1.0,8.0,0,6,0,1,0,0,0,0,0,1,0,23,104,nailv
56534527,2,1.0,4.0,0,6,0,0,0,0,0,0,0,0,0,0,23,nailv
130272434,1,1.0,6.0,0,6,0,0,0,0,0,0,0,0,0,0,4,nailv
194238,2,1.0,5.5,0,6,0,0,1,0,1,1,1,0,0,0,23,nailv
349808575,0,1.0,0.0,1,6,0,0,0,1,1,1,0,1,0,0,3,nailv
13352958,1,1.0,14.0,0,6,0,0,0,0,1,0,0,0,0,2,14,nailv
424182377,1,1.0,7.0,0,5,0,0,1,0,0,0,0,0,0,12,29,nailv
8689151,2,1.0,10.0,0,6,0,0,1,0,0,1,1,0,0,1,22,nailv
172875830,7,1.0,8.285714285714286,0,6,0,0,0,0,0,0,0,1,0,0,53,nailv
176952563,1,1.0,4.0,0,6,0,0,0,1,1,1,1,1,0,0,5,nailv
512682,2,1.0,4.5,0,6,0,0,1,0,0,1,1,1,0,0,168,nailv
1338492864,7,1.0,3.5714285714285716,0,4,0,1,0,0,0,0,1,0,0,0,14,nailv
4215924,63,0.7142857142857143,4.825396825396825,0,6,0,0,0,0,0,1,0,0,0,0,86,nailv
431874453,5,0.8,4.6,0,6,0,0,0,1,1,1,1,1,0,3,35,nailv
1451251458,1,1.0,5.0,0,6,0,0,0,0,0,1,0,1,0,0,223,nailv
19185751,0,1.0,0.0,1,6,0,0,0,0,1,0,1,1,0,12,192,nailv
271950257,5,0.8,48.6,0,6,0,0,0,0,0,0,0,0,0,1,109,nailv
35655407,1,1.0,3.0,0,6,0,0,1,1,0,0,0,0,0,8,24,nailv
12248953,1,1.0,76.0,1,6,0,0,0,0,1,0,1,1,0,0,6,nailv
348049348,11,1.0,3.3636363636363638,0,5,0,0,0,0,0,0,1,0,0,214,172,nailv
292426,1,1.0,9.0,0,6,0,0,0,0,0,0,1,0,0,0,23,nailv
3493292889082702,1,1.0,1.0,0,4,0,0,1,0,0,0,1,0,0,0,4,nailv
3261647,1,1.0,76.0,0,6,0,0,1,0,1,0,0,1,0,2,128,nailv
495264468,3,1.0,5.0,0,6,0,1,0,0,1,1,1,0,0,6,26,nailv
475157777,2,1.0,3.0,0,5,0,1,1,0,0,1,1,1,0,18,17,nailv
548010632,1,1.0,1.0,0,6,0,0,0,0,0,0,1,0,0,0,49,nailv
5746769,1,1.0,5.0,0,6,0,0,1,0,1,1,0,1,0,26,36,nailv
112833122,1,1.0,2.0,0,6,0,0,1,0,0,0,1,0,0,0,18,nailv
13240906,15,0.8,17.866666666666667,0,6,0,0,0,0,1,0,1,1,0,0,38,nailv
243847721,1,1.0,1.0,0,6,0,0,0,0,1,0,1,0,0,1,8,nailv
420440784,1,1.0,10.0,0,6,0,0,0,0,0,0,0,0,0,0,28,nailv
22585840,1,1.0,6.0,0,6,0,0,1,0,1,1,1,0,0,0,4,nailv
181811365,1,1.0,4.0,1,6,0,0,1,1,1,0,0,1,0,137,279,nailv
96861050,1,1.0,7.0,0,5,0,0,0,0,0,0,0,0,0,0,41,nailv
1520124,1,1.0,7.0,0,6,1,0,0,0,0,0,1,0,0,0,0,nailv
291237306,1,1.0,13.0,0,6,0,0,0,0,0,0,0,1,0,8,44,nailv
342155227,46,0.9782608695652174,7.195652173913044,0,5,0,0,1,0,0,0,0,1,0,2,7,nailv
789375,1,1.0,3.0,0,6,0,0,1,0,1,0,1,1,0,7,86,nailv
59278429,3,1.0,10.333333333333334,0,5,1,0,0,0,0,0,1,0,0,1,38,nailv
33195122,4,1.0,5.5,0,6,0,0,1,0,1,0,0,0,0,4,41,nailv
13469717,7,1.0,8.714285714285714,0,6,0,0,0,0,1,0,1,0,0,4,64,nailv
3493108704611126,3,1.0,5.333333333333333,0,4,1,0,0,0,0,0,1,0,0,0,4,nailv
130760,3,1.0,5.333333333333333,0,6,0,0,0,0,1,0,0,0,0,0,0,nailv
20058900,2,1.0,5.0,0,5,0,0,0,0,0,0,0,0,0,2,49,nailv
15867,17,1.0,7.235294117647059,0,6,0,1,1,0,1,1,0,1,0,1,93,nailv
91775053,1,1.0,7.0,0,5,1,0,0,0,0,0,0,0,0,0,7,nailv
419309596,0,1.0,0.0,1,5,0,0,0,0,0,0,1,0,0,0,6,nailv
26188784,6,1.0,27.333333333333332,0,6,0,0,0,0,1,1,0,1,0,11,75,nailv
3433009,4,1.0,23.75,0,6,0,0,0,0,1,0,0,1,0,0,76,nailv
906301,7,1.0,9.285714285714286,0,6,0,0,1,0,0,0,0,0,0,1,27,nailv
500573649,1,1.0,3.0,0,6,0,0,1,0,1,0,1,1,0,4,33,nailv
444332817,8,0.625,1.375,1,6,0,1,0,0,0,1,1,0,0,0,30,nailv
44104265,37,0.8108108108108109,39.78378378378378,0,3,1,0,0,0,0,0,0,0,0,0,17,nailv
119670,1,1.0,6.0,0,6,0,0,0,0,1,0,1,0,0,36,28,nailv
5924048,7,1.0,8.0,0,6,0,0,1,0,0,0,1,0,0,45,498,nailv
379442295,2,1.0,8.0,0,5,0,0,0,0,0,0,0,1,0,0,58,nailv
3546745724209890,1,1.0,2.0,0,5,0,0,0,0,0,0,0,0,0,5,24,nailv
22237038,16,1.0,6.125,0,6,0,0,1,0,1,0,1,1,0,718,1574,nailv
434173467,1,1.0,9.0,0,6,0,0,0,0,1,0,1,1,0,2,4,nailv
10610512,3,1.0,4.666666666666667,0,6,0,0,0,0,1,1,1,0,0,0,15,nailv
76701763,0,1.0,0.0,1,6,0,0,1,0,0,0,1,1,0,2,19,nailv
1943220,1,1.0,5.0,0,6,0,1,1,0,0,1,1,0,0,0,69,nailv
28988390,1,1.0,15.0,0,6,0,0,0,0,0,0,1,0,0,0,62,nailv
15080609,0,1.0,0.0,1,6,0,0,0,0,1,0,1,1,0,5,51,nailv
3546922124053147,3,0.3333333333333333,4.0,0,3,0,0,0,0,0,0,0,0,0,0,0,nailv
640107234,0,1.0,0.0,1,5,0,0,1,0,0,0,1,0,0,18,65,nailv
668556,54,0.9629629629629629,11.666666666666666,0,6,0,0,0,0,0,0,0,1,0,14,24,nailv
220703687,6,1.0,4.166666666666667,0,4,0,0,0,0,1,0,1,1,0,13,16,nailv
69237097,9,1.0,4.444444444444445,0,6,0,0,0,0,1,0,1,1,0,10,94,nailv
5650663,7,1.0,2.142857142857143,0,6,0,0,1,0,1,1,1,1,0,215,11549,nailv
10234303,1,1.0,3.0,0,6,0,0,0,0,0,0,1,0,0,0,10,nailv
10515422,8,1.0,2.75,0,6,0,0,0,1,0,0,0,0,0,44,52,nailv
381790629,1,1.0,9.0,0,5,0,0,0,0,0,0,1,1,0,0,22,nailv
218589563,1,1.0,10.0,0,5,0,0,0,0,0,1,1,0,0,0,8,nailv
2957675,1,1.0,4.0,0,6,0,0,1,0,1,1,1,1,0,0,32,nailv
293789330,1,1.0,4.0,0,5,0,0,0,0,0,0,0,0,0,0,14,nailv
297281433,1,1.0,8.0,0,5,0,1,0,0,1,0,0,1,0,0,22,nailv
16593069,1,1.0,3.0,0,6,0,0,0,0,1,1,1,1,0,4,59,nailv
20956556,1,1.0,3.0,0,6,0,0,0,0,0,0,1,1,0,29,51,nailv
171165174,1,1.0,8.0,0,6,0,0,0,0,1,0,0,1,0,0,38,nailv
478622083,1,1.0,5.0,0,5,0,0,0,0,0,0,0,0,0,0,35,nailv
7705974,2,1.0,4.5,0,6,0,0,0,0,0,1,0,1,0,3,59,nailv
629874,1,1.0,11.0,0,6,0,0,0,0,0,0,0,0,0,0,8,nailv
2078796,1,1.0,5.0,0,6,0,0,0,0,0,0,1,0,0,0,32,nailv
3087405,1,1.0,3.0,0,6,0,0,1,0,1,0,1,0,0,2,51,nailv
611397792,1,1.0,76.0,0,6,0,0,0,0,1,0,0,0,0,0,417,nailv
169359004,6,1.0,9.333333333333334,0,6,0,0,0,0,0,0,0,0,0,0,0,nailv
513360,2,1.0,5.0,1,6,0,0,1,0,1,0,1,1,0,24,74,nailv
355438932,0,1.0,0.0,1,6,0,0,0,0,0,0,1,0,0,1,31,nailv
29020776,1,1.0,10.0,1,6,0,0,1,0,1,1,1,1,0,3,34,nailv
502635,2,1.0,7.0,0,6,0,0,1,0,1,1,0,0,0,14,17,nailv
1755844026,5,1.0,4.6,0,5,0,0,0,0,0,0,0,0,0,0,10,nailv
11161175,1,1.0,7.0,0,6,0,0,1,0,1,0,1,0,0,4,82,nailv
500919240,1,1.0,5.0,0,6,0,0,1,0,1,1,0,0,0,0,17,nailv
1514374281,4,1.0,6.5,0,5,0,1,0,0,0,1,1,0,0,0,40,nailv
391441099,1,1.0,4.0,0,6,0,0,0,0,0,0,0,0,0,70,2415,nailv
1939346,3,1.0,3.3333333333333335,0,6,0,0,0,0,0,0,0,1,0,0,7,nailv
123904999,3,1.0,2.0,0,6,0,0,0,0,0,0,1,0,0,0,7,nailv
94197406,1,1.0,3.0,0,6,0,0,1,1,1,0,0,1,0,2,18,nailv
100522905,0,1.0,0.0,1,6,0,0,0,0,0,1,0,1,0,0,49,nailv
31692131,1,1.0,6.0,0,6,0,0,1,0,0,0,0,0,0,0,16,nailv
36739352,2,1.0,2.0,0,6,0,0,1,0,0,0,0,0,0,0,10,nailv
3903889,3,0.3333333333333333,33.0,0,6,0,0,1,0,0,1,1,1,0,5,32,nailv
571181,2,1.0,77.0,0,6,0,0,0,0,1,1,1,0,0,0,72,nailv
107862481,0,1.0,0.0,1,6,0,0,1,0,1,1,1,1,0,0,14,nailv
350318139,5,1.0,15.0,0,6,0,1,0,0,0,0,1,0,0,1,14,nailv
404671370,7,1.0,3.7142857142857144,0,6,0,0,0,0,0,0,1,0,0,1,31,nailv
18792490,3,1.0,3.3333333333333335,0,6,0,0,0,0,0,0,1,0,0,0,37,nailv
493402,3,1.0,9.666666666666666,0,6,0,0,1,0,0,1,1,1,0,0,70,nailv
2748661,2,1.0,8.5,0,6,0,0,0,0,0,0,1,1,0,0,135,nailv
22589268,1,1.0,1.0,0,6,0,0,1,0,0,0,1,1,0,0,12,nailv
94556093,1,1.0,3.0,0,6,0,0,0,0,0,1,0,0,0,0,5,nailv
1621720994,5,1.0,6.4,0,5,0,0,0,0,1,1,0,0,0,0,19,nailv
1290234666,2,0.5,1.0,0,3,1,0,0,0,1,0,1,0,0,0,0,nailv
148838218,1,1.0,1.0,0,5,1,0,1,0,0,1,0,0,0,0,46,nailv
502348199,1,1.0,3.0,0,5,0,0,0,0,0,0,1,0,0,0,32,nailv
17912261,0,1.0,0.0,1,4,0,1,1,0,1,0,1,1,0,12,3,nailv
341367528,2,0.5,1.0,0,6,0,0,0,1,1,1,0,1,0,0,29,nailv
6071558,2,1.0,3.0,0,6,0,0,0,0,0,0,1,0,0,1,18,nailv
661734901,1,1.0,7.0,0,5,0,0,1,0,0,0,0,0,0,1,8,nailv
928727,1,1.0,5.0,0,5,0,0,1,0,0,0,0,1,0,3,53,nailv
4546359,3,1.0,28.666666666666668,1,6,0,0,0,0,0,0,1,0,0,11,47,nailv
3061972,1,1.0,4.0,0,6,0,0,0,0,1,0,0,0,0,0,3,nailv
6190369,12,1.0,4.833333333333333,0,6,0,1,1,0,1,0,0,1,0,4,1,nailv
476167253,1,1.0,4.0,0,6,0,0,0,1,0,0,0,0,0,0,0,nailv
1290795475,1,1.0,2.0,0,5,0,0,1,0,1,0,1,1,0,0,29,nailv
5716,1,1.0,16.0,0,6,0,0,1,0,1,1,1,0,0,53,80,nailv
368801,5,1.0,4.4,0,6,0,0,1,0,1,0,1,0,0,7,32,nailv
2506078,4,0.75,2.75,0,6,0,0,1,0,1,1,0,0,0,0,12,nailv
697090264,3,1.0,9.0,0,4,0,0,0,0,0,0,1,0,0,0,28,nailv
17887038,3,1.0,1.6666666666666667,0,6,0,0,0,0,1,1,0,0,0,0,1,nailv
35906482,2,0.5,76.0,1,6,0,0,0,0,0,0,0,0,0,1,8,nailv
5292236,1,1.0,2.0,0,6,0,0,1,0,0,0,0,0,0,0,37,nailv
108169674,5,0.8,32.8,0,6,0,0,0,1,1,0,1,1,0,0,14,nailv
1934168715,1,1.0,5.0,0,5,0,0,0,0,0,0,0,0,0,0,23,nailv
64659445,5,1.0,2.2,0,6,0,0,0,0,0,0,1,1,0,2,65,nailv
1628088,6,1.0,2.3333333333333335,0,6,0,0,0,0,1,1,1,1,0,1583,5526,nailv
872664,1,1.0,6.0,0,6,0,0,1,0,0,0,0,0,0,0,10,nailv
21685826,10,1.0,4.4,0,6,0,0,0,0,1,0,1,0,0,1,54,nailv
86877110,3,1.0,4.0,1,6,0,0,1,0,0,0,0,0,0,0,4,nailv
428108,6,1.0,4.833333333333333,0,6,0,0,1,0,0,0,1,1,0,2,38,nailv
272544057,3,1.0,8.0,0,6,0,0,0,0,0,0,1,1,0,16,25,nailv
10918462,2,1.0,8.5,0,6,0,0,0,0,0,1,1,0,0,1,57,nailv
12096396,1,1.0,5.0,0,6,0,0,1,0,1,0,1,1,0,0,107,nailv
2935325,2,1.0,2.0,0,6,0,0,0,0,1,1,1,1,0,8,27,nailv
3546830847609534,20,1.0,7.05,1,4,0,0,0,0,1,0,1,0,0,8,10,nailv
5283671,51,0.803921568627451,4.333333333333333,0,6,0,0,0,0,0,0,1,0,0,0,14,nailv
16030954,1,1.0,1.0,0,6,0,0,0,0,1,1,1,1,0,0,18,nailv
8081737,4,1.0,3.75,0,6,0,0,1,0,0,0,1,1,0,48,1309,nailv
171269927,2,1.0,3.0,0,6,0,0,0,0,0,0,0,0,0,0,22,nailv
3493113406425796,0,1.0,0.0,1,5,0,0,0,0,1,0,0,0,0,6,40,nailv
1256000317,1,1.0,5.0,0,5,0,0,0,0,0,0,1,1,0,71,1786,nailv
7686925,14,0.35714285714285715,1.5714285714285714,0,5,0,0,0,0,0,0,1,1,0,0,0,nailv
254584718,22,0.9090909090909091,47.36363636363637,0,6,0,0,0,0,0,0,1,0,0,18,127,nailv
47262514,0,1.0,0.0,1,5,0,0,0,0,0,0,1,0,0,0,45,nailv
303102414,1,1.0,6.0,0,6,0,0,0,0,0,0,0,1,0,312,18,nailv
402414399,4,1.0,4.0,0,6,0,0,0,0,1,0,1,1,0,22,68,nailv
66422262,2,1.0,4.5,1,6,0,0,1,0,0,0,0,0,0,0,7,nailv
1991807565,4,1.0,22.0,0,5,0,0,0,0,0,0,1,1,0,2,7,nailv
129978746,10,1.0,10.0,0,6,0,0,0,0,0,1,1,1,0,6,68,nailv
475982590,5,1.0,4.8,0,6,0,0,0,0,0,0,1,1,0,5,67,nailv
10829542,4,1.0,2.25,0,6,0,0,0,0,1,0,1,1,0,21,56,nailv
2552481,3,1.0,7.333333333333333,0,6,1,0,1,0,1,1,1,0,0,3,41,nailv
612008114,1,1.0,6.0,0,5,0,0,1,0,0,0,0,0,0,0,77,nailv
1518008178,3,1.0,28.666666666666668,0,5,0,1,1,0,1,0,0,1,0,82,95,nailv
1600804367,1,1.0,2.0,0,6,0,0,0,0,0,0,1,0,0,0,6,nailv
9960162,1,1.0,4.0,0,6,0,0,1,0,0,0,1,0,0,0,57,nailv
263596768,1,1.0,5.0,0,6,0,0,0,0,0,0,1,0,0,0,93,nailv
3706933559167508,37,0.9459459459459459,11.594594594594595,1,2,0,0,0,0,0,0,1,1,0,0,3,nailv
16307095,4,1.0,5.75,0,6,0,0,0,0,0,1,1,0,0,0,2,nailv
3546970392103326,1,1.0,6.0,1,2,0,0,0,0,0,0,0,0,0,0,7,nailv
26262242,1,1.0,1.0,0,6,0,0,1,0,1,1,0,1,0,0,4,nailv
16479359,1,1.0,3.0,0,6,0,0,0,0,1,1,0,0,0,19,440,nailv
67778694,6,1.0,52.166666666666664,0,6,0,0,1,0,1,1,1,1,0,1,83,nailv
833013,7,1.0,5.571428571428571,0,6,0,0,0,0,1,0,1,1,0,52,30,nailv
23469873,0,1.0,0.0,1,6,0,1,1,0,1,0,0,1,0,183,102,nailv
442952206,0,1.0,0.0,1,5,0,0,0,0,0,0,0,0,0,11,30,nailv
502931,4,1.0,6.0,0,6,0,0,1,0,0,0,0,1,0,0,33,nailv
443631135,1,1.0,6.0,0,5,0,0,0,0,0,0,0,1,0,13,40,nailv
14774438,119,0.6386554621848739,3.100840336134454,0,6,0,0,0,0,0,1,1,1,0,4,68,nailv
474484563,22,0.9545454545454546,3.590909090909091,0,5,0,0,0,0,0,0,1,0,0,5,45,nailv
13931152,1,1.0,1.0,0,6,0,0,1,0,1,0,1,0,0,2,53,nailv
941470,4,1.0,3.75,0,6,0,0,1,0,0,1,0,1,0,1,41,nailv
275275081,1,1.0,8.0,0,6,0,0,0,0,1,0,1,0,0,0,38,nailv
34908146,6,1.0,18.666666666666668,0,6,0,0,0,0,1,0,0,0,0,0,6,nailv
278951673,6,0.8333333333333334,3.6666666666666665,0,6,0,0,1,0,1,0,1,0,0,0,40,nailv
403335526,1,1.0,3.0,0,5,1,0,0,0,0,1,0,0,1,0,10,nailv
2205703,94,0.9468085106382979,12.148936170212766,1,6,0,0,1,1,0,0,1,0,0,0,14,nailv
26052607,2,1.0,8.5,0,6,0,0,0,0,1,0,0,1,0,0,5,nailv
171319336,0,1.0,0.0,1,6,0,0,1,0,0,0,0,0,0,0,22,nailv
487578935,8,0.75,76.0,0,5,0,0,0,0,0,1,0,1,0,0,19,nailv
152320024,1,1.0,4.0,0,5,0,0,0,0,0,0,0,0,0,4,28,nailv
260175813,1,1.0,3.0,1,6,0,0,0,0,0,0,1,1,0,0,29,nailv
3958698,3,1.0,4.666666666666667,0,6,0,0,0,0,0,0,1,0,0,0,4,nailv
326136167,2,1.0,5.0,0,6,0,0,0,0,1,0,1,1,0,0,64,nailv
110938853,3,1.0,3.6666666666666665,0,6,0,0,0,0,1,0,0,1,0,3,56,nailv
38122361,2,1.0,1.5,0,6,0,1,0,0,0,0,0,0,0,0,0,nailv
38029785,5,1.0,3.0,0,6,0,0,1,0,1,0,1,0,0,2,82,nailv
43549983,1,1.0,2.0,0,6,0,0,0,0,1,0,0,1,0,109,201,nailv
190804,1,1.0,4.0,0,6,0,0,0,0,1,0,1,1,0,6,97,nailv
9190600,6,0.5,51.833333333333336,0,6,0,1,1,0,1,1,1,1,0,2,10,nailv
686933670,1,1.0,2.0,0,6,0,1,0,0,0,0,1,1,0,0,25,nailv
10779343,1,1.0,5.0,0,6,0,0,0,0,1,1,1,1,0,7,36,nailv
3546910208035508,4,1.0,3.5,1,4,0,1,1,0,1,1,0,0,0,1,4,nailv
822160,1,1.0,4.0,0,6,0,0,0,0,1,0,1,0,0,0,26,nailv
123124588,1,1.0,4.0,0,6,0,0,0,0,0,1,0,1,0,2,78,nailv
6783588,1,1.0,11.0,0,6,0,0,0,0,1,0,1,1,0,0,8,nailv
2039704,1,1.0,7.0,0,6,0,0,0,0,1,0,0,0,0,2,14,nailv
44391468,1,1.0,2.0,0,6,0,0,0,0,0,1,0,0,0,0,85,nailv
9367761,4,0.75,32.0,0,6,0,0,1,0,1,1,1,0,0,61,580,nailv
884082,2,1.0,7.0,0,6,1,0,0,0,0,0,1,0,0,0,71,nailv
3413258,1,1.0,6.0,0,4,0,0,0,0,0,0,0,1,0,0,0,nailv
406555,0,1.0,0.0,1,6,0,0,1,0,1,0,0,1,0,113,2751,nailv
39040823,0,1.0,0.0,1,6,0,0,1,0,0,1,0,0,0,1,63,nailv
187451825,1,1.0,7.0,0,6,0,0,0,0,1,0,0,1,0,0,33,nailv
3546873222662685,1,1.0,13.0,0,3,0,0,0,0,0,0,1,0,0,5,23,nailv
408301790,8,1.0,3.75,0,6,0,0,0,0,1,0,1,0,0,22,132,nailv
50825216,1,1.0,2.0,0,6,0,0,0,1,1,0,0,0,0,0,7,nailv
294556176,0,1.0,0.0,1,5,0,0,0,0,0,0,1,1,0,1,10,nailv
269442027,4,1.0,2.5,0,6,0,0,0,0,0,0,1,1,0,1,27,nailv
25094352,1,1.0,2.0,0,6,0,0,0,1,1,0,1,0,0,0,18,nailv
479095869,1,1.0,76.0,0,5,0,0,0,0,0,0,1,1,0,0,3,nailv
3351819,5,0.6,9.6,0,6,0,0,1,1,1,0,0,1,0,27,54,nailv
24161907,8,1.0,15.5,1,6,0,0,1,0,0,0,0,1,0,40,39,nailv
344683175,1,1.0,76.0,1,6,0,0,0,0,1,0,1,1,0,5,22,nailv
3265464,1,1.0,2.0,0,6,0,0,1,0,1,1,1,0,0,0,15,nailv
11855760,6,1.0,6.833333333333333,0,6,0,0,0,0,0,1,1,0,0,1,60,nailv
10036451,2,0.5,76.0,0,6,0,0,0,0,1,0,0,1,0,0,75,nailv
18734707,4,0.75,1.25,0,6,0,0,1,0,1,1,0,1,0,0,87,nailv
1297394,2,1.0,76.0,0,6,0,0,0,0,1,1,1,0,0,10,53,nailv
25737054,2,1.0,4.5,0,6,0,0,1,0,0,1,1,0,0,0,58,nailv
12448695,1,1.0,5.0,0,6,0,0,1,0,1,0,1,1,0,1,61,nailv
8751799,1,1.0,11.0,0,6,0,0,1,1,1,1,1,1,0,3,18,nailv
290351423,1,1.0,4.0,0,6,0,0,0,0,0,0,1,1,0,19,33,nailv
5040263,1,1.0,15.0,0,6,0,0,0,0,1,0,1,1,0,0,12,nailv
1128872123,1,1.0,9.0,0,4,0,0,0,0,0,0,0,0,0,0,10,nailv
282439316,1,1.0,2.0,0,6,0,0,1,0,1,1,1,0,0,0,41,nailv
162166888,2,1.0,11.5,0,6,0,0,0,0,0,1,1,1,0,2,17,nailv
382439460,3,1.0,3.6666666666666665,1,6,0,0,0,1,1,1,1,1,0,4,594,nailv
1490110,0,1.0,0.0,1,6,0,0,0,0,0,0,1,1,0,3,122,nailv
21259374,0,1.0,0.0,1,6,0,0,1,0,1,0,1,1,0,0,55,nailv
1629759589,0,1.0,0.0,1,5,0,0,0,0,0,1,1,1,0,0,38,nailv
104224982,0,1.0,0.0,1,6,0,0,1,0,1,0,1,1,0,5,30,nailv
43740306,1,1.0,3.0,0,6,0,0,1,0,1,0,1,1,0,3,65,nailv
3291897,4,0.5,38.0,0,6,0,0,0,1,0,0,0,1,0,10,141,nailv
66612,3,1.0,7.333333333333333,0,6,0,0,0,0,1,1,0,0,0,0,10,nailv
216179994,17,0.5882352941176471,41.76470588235294,0,6,0,0,1,0,1,0,0,0,0,0,114,nailv
6662349,8,0.75,4.0,0,6,0,0,1,0,1,1,0,0,0,0,49,nailv
308282738,1,1.0,2.0,0,6,0,0,0,0,1,0,1,0,0,0,38,nailv
1794647,3,1.0,5.0,0,6,0,0,1,0,0,0,1,0,0,0,70,nailv
372108485,2,1.0,3.5,0,6,0,0,1,0,0,1,1,1,0,0,2,nailv
359639,3,1.0,76.0,0,6,0,0,1,0,1,0,0,0,0,13,114,nailv
10943762,3,1.0,7.0,0,6,0,0,0,0,0,0,0,1,0,3,15,nailv
254385,6,1.0,5.833333333333333,0,6,0,0,0,0,1,0,1,0,0,0,46,nailv
128465,2,1.0,2.5,0,6,0,0,0,0,0,0,0,0,0,0,79,nailv
2005070,2,1.0,4.0,0,6,0,0,0,0,0,0,0,1,0,2,9,nailv
292971838,1,1.0,76.0,0,5,0,0,0,0,0,0,1,0,0,0,0,nailv
453000638,2,1.0,7.5,0,6,0,0,0,0,1,0,1,1,0,0,7,nailv
8031146,10,1.0,5.4,0,6,0,0,1,0,0,0,0,0,0,0,24,nailv
5594,2,1.0,4.0,0,6,0,0,1,0,1,1,1,0,0,1,35,nailv
80203600,33,0.18181818181818182,1.2121212121212122,0,6,0,0,0,0,0,1,1,1,0,10,23,nailv
8264244,1,1.0,2.0,0,6,0,0,1,0,0,0,0,1,0,0,11,nailv
32726707,4,1.0,7.75,1,6,0,0,1,1,1,0,1,1,0,0,74,nailv
39771472,1,1.0,76.0,0,6,0,0,0,0,1,0,1,0,0,178,1057,nailv
3643194,1,1.0,2.0,0,6,0,0,0,0,1,1,0,0,0,2,31,nailv
3357874,0,1.0,0.0,1,6,0,0,1,0,0,0,0,1,0,0,24,nailv
124534,1,1.0,4.0,0,6,0,0,0,0,1,0,0,0,0,6,4,nailv
643691174,2,1.0,39.0,0,5,0,0,1,0,0,1,1,0,0,3,67,nailv
15011826,1,1.0,4.0,0,6,0,0,0,0,1,1,1,1,0,0,5,nailv
3494368365250846,3,0.6666666666666666,76.66666666666667,1,5,0,0,0,0,1,0,1,1,0,0,0,nailv
100157283,1,1.0,5.0,0,6,0,0,1,0,0,1,1,0,0,0,92,nailv
3180925,4,1.0,5.75,0,6,0,0,0,0,1,0,0,0,0,0,27,nailv
98741998,2,1.0,39.5,0,6,0,0,1,0,1,0,1,0,0,0,6,nailv
1828133822,0,1.0,0.0,1,6,0,0,0,1,1,0,0,0,0,1,13,nailv
4203405,3,1.0,10.333333333333334,0,6,0,0,0,0,0,1,1,0,0,0,28,nailv
10821792,1,1.0,77.0,0,6,0,0,0,0,1,0,1,0,0,0,13,nailv
496456533,2,1.0,12.0,0,6,0,0,0,0,0,0,1,1,0,15,46,nailv
1078289576,1,1.0,1.0,0,5,0,0,0,0,0,0,0,0,0,0,33,nailv
508489576,0,1.0,0.0,1,6,0,0,0,0,1,0,1,1,0,1,34,nailv
156666501,1,1.0,1.0,0,6,0,0,0,1,1,1,1,1,0,1,6,nailv
10706464,7,1.0,13.428571428571429,0,6,0,0,0,0,1,0,1,0,0,1,19,nailv
26738680,1,1.0,13.0,0,6,0,0,1,0,1,0,0,0,0,39,2351,nailv
804255,1,1.0,3.0,0,6,0,0,0,0,0,0,1,0,0,1,22,nailv
177784516,1,1.0,7.0,0,6,0,0,0,1,0,0,0,1,0,1,52,nailv
3546738394663894,2,1.0,34.0,0,5,0,0,1,0,0,0,0,0,0,0,0,nailv
74619,6,1.0,4.0,0,6,0,0,0,0,0,0,1,0,0,0,22,nailv
13196729,1,1.0,4.0,0,6,0,0,0,0,1,0,1,0,0,0,10,nailv
409659157,2,1.0,4.0,0,6,0,0,0,0,1,0,1,0,0,0,25,nailv
23940168,1,1.0,3.0,0,6,0,0,1,0,1,0,1,0,0,1,19,nailv
243055,1,1.0,10.0,0,6,0,0,0,0,0,0,1,1,0,1,28,nailv
34159970,172,0.7325581395348837,5.523255813953488,0,6,0,0,0,0,0,0,0,1,0,0,23,nailv
3632308452067596,15,0.9333333333333333,3.533333333333333,0,3,0,0,0,0,0,0,0,1,0,0,3,nailv
12747314,2,1.0,1.5,0,6,0,0,1,0,1,0,0,1,0,42,80,nailv
4223550,1,1.0,1.0,0,6,0,0,1,0,1,1,1,0,0,5,20,nailv
11480027,8,0.875,4.0,0,6,0,0,0,0,0,0,0,1,0,0,18,nailv
387134515,1,1.0,2.0,0,6,0,0,0,0,1,0,1,1,0,78,104,nailv
163244639,1,1.0,2.0,0,2,0,0,0,0,0,0,0,0,0,0,0,nailv
88411912,53,0.9811320754716981,9.169811320754716,0,6,0,0,0,1,0,0,0,1,0,0,50,nailv
507659,15,0.9333333333333333,3.8666666666666667,0,6,0,0,0,0,1,0,0,0,0,0,3,nailv
390101144,1,1.0,76.0,0,6,0,0,0,0,0,0,1,1,0,1,38,nailv
23174004,8,0.875,2.75,0,6,0,0,0,0,1,0,0,0,0,0,16,nailv
350568574,1,1.0,4.0,0,6,0,0,1,0,0,1,1,0,0,0,32,nailv
84517147,1,1.0,76.0,0,6,0,0,0,0,1,0,1,0,0,12,33,nailv
593956352,23,0.8260869565217391,19.47826086956522,1,5,0,0,1,0,1,0,1,0,0,0,6,nailv
482169634,1,1.0,8.0,0,5,0,0,0,0,0,0,1,1,0,2,53,nailv
569122,2,1.0,40.0,0,6,0,0,1,0,1,0,0,0,0,14,42,nailv
19877814,1,1.0,1.0,0,6,0,0,1,0,0,0,0,1,0,30,79,nailv
604634726,0,1.0,0.0,1,5,0,0,1,0,1,0,1,1,0,8,17,nailv
10323329,1,1.0,1.0,0,6,0,0,1,0,0,0,0,0,0,0,0,nailv
3756273,6,1.0,7.666666666666667,0,6,0,0,1,0,1,1,1,1,0,5,49,nailv
293364956,1,1.0,6.0,0,5,0,0,0,0,0,0,1,0,0,1,63,nailv
436384776,10,0.9,10.3,0,5,0,0,0,0,0,0,1,0,0,0,48,nailv
396466690,27,0.9629629629629629,9.185185185185185,0,6,0,0,0,1,1,0,0,1,0,0,14,nailv
80692320,2,1.0,76.0,0,6,0,0,0,0,1,0,0,0,0,0,119,nailv
3632302441630484,3,1.0,4.333333333333333,0,3,0,0,1,0,0,0,0,0,0,0,0,nailv
3546560124160060,18,1.0,19.0,0,3,1,0,0,0,0,0,1,0,0,0,4,nailv
2453288,1,1.0,3.0,0,6,0,0,1,0,1,0,1,1,0,0,14,nailv
26677562,5,1.0,6.8,0,6,0,0,1,0,0,1,1,1,0,0,30,nailv
3494360347838907,19,0.631578947368421,34.89473684210526,1,5,1,0,1,0,0,0,0,0,0,1,8,nailv
94805036,1,1.0,2.0,0,6,0,0,0,0,0,0,0,1,0,29,16,nailv
441158313,3,0.6666666666666666,4.0,0,4,0,0,1,0,1,1,0,0,0,0,17,nailv
7181814,13,0.8461538461538461,8.307692307692308,0,6,0,0,0,0,0,0,1,1,0,15,160,nailv
63923,3,1.0,8.0,0,6,0,0,1,0,0,0,0,0,0,0,4,nailv
31524538,3,1.0,3.6666666666666665,0,6,0,0,0,0,0,0,0,0,0,0,20,nailv
1744677210,0,1.0,0.0,1,5,0,0,0,0,1,0,0,1,0,0,38,nailv
414508412,0,1.0,0.0,1,6,0,0,1,0,1,0,1,0,0,0,24,nailv
7624116,8,1.0,3.125,0,6,0,0,0,0,0,0,0,0,0,0,66,nailv
3493129258797903,4,1.0,9.75,0,4,0,0,0,0,0,0,0,1,0,0,11,nailv
500530,1,1.0,4.0,0,6,0,0,1,0,1,0,1,0,0,4,40,nailv
171406650,0,1.0,0.0,1,6,0,0,1,0,1,1,1,1,0,7,11,nailv
175563480,2,1.0,10.0,0,6,0,0,0,0,0,0,1,1,0,0,47,nailv
11324131,78,0.20512820512820512,24.44871794871795,0,6,0,0,0,0,0,0,0,1,0,1,0,nailv
3546818839316580,1,1.0,4.0,0,3,0,0,0,0,1,0,0,0,0,0,5,nailv
7986608,1,1.0,3.0,0,6,0,0,0,0,1,1,1,1,0,0,26,nailv
502922421,5,1.0,5.8,0,6,0,0,0,0,0,0,1,0,0,0,39,nailv
352615,7,1.0,5.142857142857143,0,6,0,0,1,0,1,1,1,1,0,5,41,nailv
1943258,2,1.0,5.5,0,6,0,0,0,0,0,0,0,0,0,0,10,nailv
3913484,2,1.0,6.0,0,6,0,0,1,0,0,0,0,0,0,0,2,nailv
36313943,1,1.0,3.0,0,5,0,0,0,0,1,0,0,1,0,0,88,nailv
101664290,3,1.0,2.6666666666666665,0,6,0,0,0,0,0,0,0,0,0,0,25,nailv
13275950,1,1.0,7.0,0,6,0,0,0,0,1,1,1,1,0,46,113,nailv
95728536,1,1.0,12.0,0,6,0,0,0,0,0,0,0,1,0,0,30,nailv
12979428,0,1.0,0.0,1,6,0,0,1,0,1,0,0,1,0,5,178,nailv
364327844,5,1.0,6.6,0,4,0,0,0,0,0,0,1,0,0,0,20,nailv
299552762,2,1.0,4.0,0,6,0,0,0,0,0,0,0,1,0,0,5,nailv
23195,1,1.0,4.0,0,6,0,0,0,0,1,0,1,0,0,3,11,nailv
3546633058912655,1,1.0,40.0,0,5,0,0,0,0,0,0,0,0,0,0,16,nailv
4853316,9,1.0,5.555555555555555,0,6,0,0,0,0,0,0,1,1,0,27,44,nailv
434545702,0,1.0,0.0,1,5,0,0,1,0,1,0,1,1,0,4,22,nailv
193682893,1,1.0,1.0,0,6,0,0,0,0,0,0,0,1,0,0,26,nailv
3546723773319419,0,1.0,0.0,1,3,0,0,1,0,0,0,0,1,0,6,14,nailv
126274371,4,1.0,4.0,0,6,0,0,1,0,1,1,0,0,0,11,60,nailv
6278552,5,1.0,2.6,0,6,0,0,0,0,1,0,1,1,0,0,43,nailv
22186903,1,1.0,1.0,0,6,0,0,0,0,0,0,1,1,0,15,40,nailv
400905231,1,1.0,3.0,0,6,0,0,0,0,0,1,1,0,0,0,13,nailv
352073957,1,1.0,76.0,0,6,1,0,0,0,0,0,0,1,0,172,41,nailv
25167535,21,0.8571428571428571,5.904761904761905,0,6,0,0,0,0,0,0,0,0,0,0,14,nailv
302138782,1,1.0,4.0,0,6,0,0,0,0,1,0,0,1,0,0,62,nailv
33406735,0,1.0,0.0,1,5,0,0,1,0,0,0,1,1,0,0,12,nailv
9982932,2,0.5,7.0,0,6,0,0,1,0,1,0,0,1,0,0,64,nailv
29399615,2,1.0,4.5,0,6,0,0,0,0,0,0,1,0,0,0,3,nailv
1123283430,0,1.0,0.0,1,5,0,1,0,0,1,1,1,0,0,0,0,nailv
475767668,0,1.0,0.0,1,5,0,1,0,0,0,0,1,1,0,0,12,nailv
171470673,1,1.0,2.0,0,6,0,0,1,0,1,1,1,1,0,13,68,nailv
3546776166468534,1,1.0,76.0,1,3,0,1,1,0,0,0,1,0,0,0,2,nailv
334668,1,1.0,12.0,0,6,0,0,0,0,1,0,1,1,0,5,156,nailv
149082133,7,1.0,9.142857142857142,0,6,0,0,0,0,1,0,1,1,0,2,13,nailv
40066720,0,1.0,0.0,1,6,0,1,0,0,0,0,1,1,0,0,17,nailv
1476232607,1,1.0,4.0,0,5,0,0,0,0,1,1,1,1,0,0,38,nailv
211609690,1,1.0,76.0,0,6,0,1,1,0,1,0,0,1,0,47,107,nailv
199864994,19,0.8947368421052632,18.842105263157894,0,6,0,0,0,0,1,0,0,0,0,2,174,nailv
638548071,2,1.0,6.5,0,5,0,0,0,0,1,0,1,1,0,1,31,nailv
45301564,14,0.7142857142857143,4.214285714285714,0,6,0,0,0,0,0,0,1,1,0,0,10,nailv
1285530660,1,1.0,76.0,1,5,0,0,0,0,0,0,1,0,0,0,17,nailv
483523951,0,1.0,0.0,1,5,0,0,0,0,1,0,1,1,0,0,5,nailv
3493114629065034,0,1.0,0.0,1,4,0,0,0,0,0,0,0,0,0,0,0,nailv
22862992,1,1.0,1.0,0,6,0,0,0,0,1,0,0,1,0,0,29,nailv
37294511,1,1.0,1.0,0,6,0,0,0,0,0,0,0,0,0,29,58,nailv
901530,13,1.0,5.230769230769231,0,6,0,0,0,0,0,0,1,0,0,17,269,nailv
507363803,0,1.0,0.0,1,5,1,0,1,0,0,0,1,0,0,17,49,nailv
26210903,11,1.0,6.181818181818182,0,6,1,0,0,0,0,0,1,0,0,1,14,nailv
2545547,1,1.0,1.0,1,6,0,0,0,0,1,1,1,1,0,15,1232,nailv
400139899,4,1.0,7.0,1,6,0,0,0,0,1,0,0,0,0,1,9,nailv
2228012,1,1.0,3.0,0,6,0,0,0,0,0,0,1,0,0,0,22,nailv
2091398941,5,1.0,7.0,0,6,0,0,0,0,1,0,0,1,0,8,146,nailv
259233097,1,1.0,76.0,0,6,0,0,0,0,0,0,1,0,0,8,10,nailv
139032517,1,1.0,76.0,0,6,0,0,1,0,0,0,0,1,0,0,3,nailv
11252737,1,1.0,4.0,0,6,0,0,0,0,0,0,1,0,0,22,202,nailv
206785785,2,1.0,6.5,0,5,1,0,0,0,0,0,0,0,0,0,4,nailv
25873373,3,1.0,14.666666666666666,0,6,0,0,0,0,1,0,0,1,0,15,281,nailv
603484294,1,1.0,11.0,0,5,0,0,0,0,0,0,0,0,0,0,14,nailv
497939,1,1.0,4.0,1,6,0,0,0,0,0,0,1,0,0,0,0,nailv
155741794,1,1.0,1.0,0,6,0,0,0,0,0,0,1,1,0,2,21,nailv
1571474,1,1.0,3.0,0,6,0,0,1,0,0,0,1,1,0,0,11,nailv
2423776,13,0.8461538461538461,26.53846153846154,0,6,0,0,0,0,0,0,1,1,0,2,70,nailv
39911877,1,1.0,3.0,0,6,0,0,1,0,0,0,1,1,0,5,55,nailv
181857916,1,1.0,3.0,0,6,0,0,0,0,1,0,1,1,0,59,176,nailv
520924875,0,1.0,0.0,1,5,0,0,0,0,1,0,0,1,0,1,2,nailv
98726067,2,1.0,2.5,0,6,0,0,0,1,0,0,1,1,0,5,42,nailv
853222,1,1.0,76.0,0,6,0,0,0,0,0,0,0,1,0,10,80,nailv
20811216,1,1.0,4.0,0,6,0,0,0,0,0,0,0,0,0,3,21,nailv
45630,9,1.0,5.444444444444445,0,6,0,0,0,0,0,0,1,0,0,0,36,nailv
3546784318098027,1,1.0,4.0,0,4,0,0,0,0,0,0,0,0,0,0,0,nailv
338164,2,1.0,6.0,0,6,0,0,0,0,1,0,1,1,0,8,971,nailv
35822251,1,1.0,11.0,0,6,0,0,0,0,0,0,0,1,0,6,77,nailv
24136289,10,1.0,14.5,0,6,0,0,0,1,1,0,1,1,0,1,154,nailv
37872511,1,1.0,15.0,0,5,0,0,1,0,0,0,0,0,0,1,5,nailv
3158094,3,1.0,4.666666666666667,0,6,0,0,1,0,0,1,0,1,0,3,74,nailv
576956,1,1.0,1.0,0,6,0,0,1,0,1,1,1,1,0,5,41,nailv
32074121,1,1.0,1.0,0,6,0,0,0,0,0,1,1,1,0,0,19,nailv
359676572,2,1.0,1.5,0,6,0,0,1,0,0,1,0,1,0,0,13,nailv
8327184,3,1.0,30.666666666666668,0,5,0,0,1,0,0,0,1,0,0,0,2,nailv
507188083,1,1.0,3.0,0,5,0,0,0,0,0,0,0,0,0,0,24,nailv
183277083,3,1.0,4.0,0,6,0,0,0,0,1,0,0,1,0,0,34,nailv
95135101,27,0.5925925925925926,3.4444444444444446,0,6,0,0,0,0,0,0,0,1,0,3,55,nailv
398662927,1,1.0,4.0,0,5,0,0,0,0,0,0,0,0,0,0,10,nailv
651918503,1,1.0,4.0,0,6,0,1,0,0,1,1,1,0,0,3,22,nailv
303195443,1,1.0,9.0,1,6,0,0,1,0,0,0,0,0,0,3,5,nailv
515187863,1,1.0,3.0,0,6,0,0,0,0,0,0,1,0,0,0,3,nailv
5181154,1,1.0,8.0,0,6,0,0,0,0,0,0,0,1,0,0,35,nailv
496265093,1,1.0,5.0,0,5,0,0,0,0,0,0,0,0,0,13,1410,nailv
335998795,3,1.0,10.333333333333334,0,6,0,0,0,0,1,0,1,1,0,0,60,nailv
315769928,0,1.0,0.0,1,6,0,1,1,1,1,1,1,1,0,37,623,nailv
2316280,6,1.0,4.666666666666667,0,6,0,0,1,0,1,0,1,1,0,87,45,nailv
33029454,1,1.0,10.0,0,6,0,0,0,0,0,1,1,1,0,31,106,nailv
1771777864,2,1.0,3.5,0,5,0,0,0,0,0,0,0,1,0,21,33,nailv
1439902377,2,1.0,3.0,0,5,0,0,0,0,0,0,0,0,0,0,2,nailv
22686416,1,1.0,5.0,0,6,0,0,0,0,1,1,0,1,0,17,121,nailv
5713767,1,1.0,8.0,0,6,0,0,1,0,1,0,0,1,0,9,42,nailv
11995836,2,1.0,5.0,0,6,0,0,0,0,1,1,1,1,0,0,38,nailv
8689291,1,1.0,2.0,0,5,1,0,0,0,0,0,1,0,0,0,24,nailv
435877618,2,1.0,5.0,0,6,0,0,1,0,0,0,1,0,0,0,70,nailv
8829029,1,1.0,2.0,0,6,0,1,1,0,1,0,0,0,0,1,21,nailv
171938,1,1.0,2.0,0,6,0,0,0,0,1,1,1,0,0,0,1,nailv
3494360091986150,2,1.0,40.0,0,5,0,1,0,0,0,1,1,0,0,42,604,nailv
13469121,2,1.0,4.5,0,6,0,0,0,0,0,0,1,1,0,0,69,nailv
174060213,13,1.0,11.538461538461538,0,5,0,0,0,0,0,0,0,0,0,0,28,nailv
382149429,1,1.0,76.0,1,6,0,1,1,0,1,1,1,1,0,1,45,nailv
3546786243283706,5,0.2,4.0,0,0,0,0,0,0,0,0,0,1,0,3,0,nailv
14308459,1,1.0,7.0,0,6,0,0,1,0,1,0,1,1,0,70,80,nailv
10030463,2,1.0,11.0,0,6,0,0,0,0,0,0,0,1,0,1,19,nailv
574227257,5,1.0,2.8,0,6,0,0,0,1,1,0,0,1,0,2,57,nailv
237470258,1,1.0,7.0,0,6,0,0,0,0,0,0,0,0,0,0,75,nailv
14634767,1,1.0,4.0,0,6,0,0,0,0,1,0,1,0,0,215,157,nailv
568754,2,1.0,21.0,0,6,0,0,0,0,0,0,1,0,0,0,21,nailv
2218782,1,1.0,2.0,0,6,0,0,1,0,0,0,0,1,0,0,53,nailv
38581875,3,1.0,3.0,0,6,1,0,1,0,0,0,0,0,0,0,22,nailv
630551,5,1.0,5.8,0,6,0,0,0,0,0,0,1,0,0,8,8,nailv
91255043,0,1.0,0.0,1,6,0,0,1,0,0,1,1,1,0,0,17,nailv
2782892,2,1.0,2.0,0,6,0,0,1,0,0,0,0,1,0,0,9,nailv
1281419,2,1.0,2.0,0,6,0,0,0,0,0,1,0,1,0,0,0,nailv
15950,1,1.0,3.0,0,6,0,0,0,0,1,1,0,1,0,1,11,nailv
86482973,0,1.0,0.0,1,6,0,0,1,0,0,1,1,1,0,1,72,nailv
299674884,2,0.5,76.0,0,6,0,0,0,1,1,0,1,1,0,0,55,nailv
51196446,2,1.0,4.5,0,6,0,0,0,0,0,0,1,0,0,7,42,nailv
40389997,6,1.0,5.833333333333333,0,6,0,0,1,0,1,1,1,1,0,125,428,nailv
20658496,2,1.0,3.5,0,6,0,0,1,0,1,1,1,1,0,30,156,nailv
472266776,1,1.0,4.0,0,6,0,0,0,0,0,1,0,0,0,0,2,nailv
2142950171,0,1.0,0.0,1,5,0,0,0,0,0,0,1,0,0,0,11,nailv
195578835,3,0.6666666666666666,6.666666666666667,0,5,0,0,0,0,0,0,1,0,0,24,38,nailv
8979673,1,1.0,12.0,0,6,0,0,0,0,1,0,0,0,0,0,27,nailv
792637,0,1.0,0.0,1,6,0,0,1,0,1,0,1,1,0,28,58,nailv
142778606,2,0.5,76.0,0,6,0,0,0,0,0,1,1,0,0,0,61,nailv
439274781,1,1.0,1.0,0,6,0,0,0,0,0,0,1,0,0,0,9,nailv
204793799,0,1.0,0.0,1,5,0,0,0,0,1,0,1,1,0,6,18,nailv
14336723,2,1.0,11.0,0,6,0,1,1,0,1,1,1,0,0,0,7,nailv
90825475,0,1.0,0.0,1,5,0,0,0,0,0,0,0,0,0,0,5,nailv
475398195,35,0.6285714285714286,7.685714285714286,0,5,0,0,0,0,0,0,1,1,0,207,305,nailv
24968121,5,0.8,10.6,0,6,0,0,0,0,1,0,1,0,0,3,36,nailv
15289910,1,1.0,12.0,0,6,0,0,1,0,1,1,1,1,0,0,2,nailv
18105636,1,1.0,1.0,0,6,0,1,1,0,0,1,0,1,0,0,25,nailv
390115523,0,1.0,0.0,1,5,0,0,1,0,0,0,0,0,0,0,23,nailv
893294,6,0.6666666666666666,1.8333333333333333,0,6,0,0,1,0,0,0,1,1,0,7,14,nailv
2097486272,0,1.0,0.0,1,5,0,0,1,0,1,0,1,1,0,0,10,nailv
354331167,0,1.0,0.0,1,6,0,0,0,1,0,1,1,1,0,0,18,nailv
1645186151,1,1.0,2.0,0,6,0,0,0,0,1,1,0,1,0,134,10424,nailv
29162962,1,1.0,3.0,0,6,0,0,0,0,0,0,0,0,0,60,70,nailv
1715675,1,1.0,6.0,0,6,0,0,1,0,0,0,1,0,0,0,27,nailv
397105613,1,1.0,6.0,0,6,0,0,0,0,1,1,1,1,0,0,12,nailv
509809424,0,1.0,0.0,1,6,0,0,1,1,1,1,1,1,0,9,31,nailv
132548519,1,1.0,76.0,0,6,0,0,0,0,1,1,1,1,0,0,66,nailv
393482224,1,1.0,76.0,1,6,0,0,0,0,1,0,1,1,0,7,15,nailv
3546825495677117,0,1.0,0.0,1,3,0,0,0,0,1,0,0,0,0,0,3,nailv
186649193,1,1.0,9.0,0,6,0,0,1,0,1,1,1,1,0,0,30,nailv
2622275,0,1.0,0.0,1,6,0,0,0,0,1,0,1,1,0,4,17,nailv
2788864,1,1.0,13.0,0,6,0,0,1,0,0,0,0,0,0,5,52,nailv
8533918,2,1.0,9.0,0,6,0,0,1,0,1,1,1,0,0,0,20,nailv
1851618762,0,1.0,0.0,1,5,0,0,0,0,0,0,1,1,0,0,6,nailv
345687322,0,1.0,0.0,1,6,0,0,1,0,0,0,1,0,0,0,9,nailv
32699589,0,1.0,0.0,1,6,0,0,1,0,1,0,1,0,0,19,73,nailv
24953777,0,1.0,0.0,1,6,0,0,1,0,1,0,0,0,0,0,14,nailv
676631,1,1.0,76.0,0,6,0,0,0,0,1,0,0,0,0,2,113,nailv
15876248,1,1.0,1.0,0,6,0,0,0,0,0,0,1,1,0,14,45,nailv
3109019,0,1.0,0.0,1,6,0,0,1,0,0,0,0,1,0,1,58,nailv
387659171,0,1.0,0.0,1,6,0,0,0,0,0,1,1,0,0,0,26,nailv
2917191,10,1.0,23.3,0,6,0,0,0,0,1,0,0,1,0,1,107,nailv
345172469,1,1.0,2.0,0,6,0,0,1,0,0,1,1,1,0,1,21,nailv
37439088,1,1.0,7.0,0,6,0,1,1,0,1,0,1,1,0,238,1534,nailv
24721623,1,1.0,76.0,0,6,0,0,1,0,1,1,1,1,0,20,69,nailv
399985127,1,1.0,6.0,0,6,0,0,0,0,1,0,0,1,0,0,34,nailv
400982903,2,1.0,40.0,0,6,0,0,0,1,1,0,0,0,0,31,99,nailv
431581874,7,0.8571428571428571,24.714285714285715,0,6,0,0,0,1,0,0,1,0,0,0,1,nailv
38350739,1,1.0,3.0,0,6,0,0,0,0,1,0,1,1,0,0,40,nailv
247330127,1,1.0,3.0,0,6,0,0,1,0,1,0,1,1,0,0,26,nailv
16907898,1,1.0,76.0,0,6,0,0,0,0,1,0,1,1,0,92,131,nailv
187615581,0,1.0,0.0,1,6,0,0,1,0,0,1,0,1,0,0,54,nailv
1706950,1,1.0,8.0,0,6,0,0,0,0,0,0,0,1,0,0,29,nailv
292104340,1,1.0,8.0,0,5,0,0,1,0,0,0,0,0,0,0,0,nailv
347351436,3,1.0,19.666666666666668,1,6,0,0,0,0,0,0,0,0,0,0,21,nailv
10501326,1,1.0,9.0,0,6,0,0,0,0,1,1,1,1,0,56,2989,nailv
315580706,0,1.0,0.0,1,6,0,0,1,0,1,1,1,1,0,1,12,nailv
11533259,1,1.0,5.0,1,6,0,0,1,0,1,1,1,1,0,0,25,nailv
506962561,1,1.0,3.0,0,5,0,0,1,0,0,0,0,0,0,0,4,nailv
3546625270090656,1,1.0,7.0,0,4,0,0,0,0,0,0,0,0,0,0,1,nailv
1878085,0,1.0,0.0,1,6,0,0,1,0,1,1,0,1,0,12,93,nailv
582318643,1,1.0,10.0,0,6,0,0,0,1,1,1,1,1,0,0,23,nailv
333584241,0,1.0,0.0,1,6,0,0,0,1,1,0,0,1,0,0,6,nailv
17650973,13,0.9230769230769231,11.538461538461538,1,6,0,0,0,0,0,1,1,1,0,1,67,nailv
131760538,1,1.0,4.0,0,5,0,1,0,0,1,1,1,1,0,0,67,nailv
10768402,1,1.0,2.0,0,6,0,0,0,0,1,1,0,0,0,4,13,nailv
341458,3,1.0,2.0,0,6,0,0,0,0,0,0,1,0,0,0,71,nailv
109705815,0,1.0,0.0,1,6,0,0,0,1,0,0,0,1,0,0,1,nailv
19895278,2,1.0,41.0,1,6,0,0,1,0,1,1,1,1,0,1,47,nailv
13981809,1,1.0,7.0,0,6,0,0,0,0,0,0,1,0,0,11,6,nailv
304579031,6,1.0,6.0,0,6,0,0,0,0,0,0,0,0,0,1,18,nailv
38206187,1,1.0,7.0,0,6,0,0,1,0,1,1,1,0,0,0,17,nailv
3546935369664908,0,1.0,0.0,1,3,0,0,0,0,0,0,0,0,0,0,11,nailv
2330232,3,1.0,28.666666666666668,0,6,0,0,1,0,1,1,0,0,0,0,29,nailv
179215,1,1.0,1.0,0,6,0,0,0,0,0,0,0,0,0,1,4,nailv
540811,1,1.0,20.0,0,6,0,0,1,0,1,1,1,1,0,40,649,nailv
51189057,1,1.0,4.0,1,6,0,0,0,0,1,0,0,0,0,1,58,nailv
201568460,0,1.0,0.0,1,6,0,1,1,0,0,0,1,1,0,0,13,nailv
618208601,1,1.0,2.0,1,6,0,0,0,0,0,0,0,1,0,21,8,nailv
345824673,0,1.0,0.0,1,5,0,0,1,0,0,0,1,0,0,0,0,nailv
266324,6,0.3333333333333333,64.0,1,6,0,0,0,0,0,0,1,1,0,17,42,nailv
109342701,0,1.0,0.0,1,6,0,1,1,0,1,1,1,0,0,6,33,nailv
6094722,2,1.0,2.0,0,6,0,0,1,0,0,1,1,1,0,12,60,nailv
349916269,5,1.0,4.0,0,6,0,0,1,0,1,1,1,1,0,1,54,nailv
3096439,1,1.0,2.0,0,6,0,0,1,0,1,1,1,1,0,1,75,nailv
108344445,1,1.0,6.0,0,6,0,0,0,0,1,0,1,0,0,0,0,nailv
153241,1,1.0,2.0,0,6,0,0,0,0,0,0,0,0,0,0,35,nailv
332889905,1,1.0,1.0,0,6,0,0,1,0,0,1,1,0,0,1,64,nailv
40070465,1,1.0,3.0,0,6,0,0,1,0,1,1,1,1,0,0,130,nailv
3546646864464212,1,1.0,3.0,0,3,0,0,0,0,0,0,0,0,0,2,3,nailv
641623,1,1.0,7.0,0,6,0,0,0,0,0,0,0,1,0,1,13,nailv
12771507,1,1.0,5.0,0,6,0,0,0,0,0,0,1,0,0,0,25,nailv
1930028,14,0.7857142857142857,41.357142857142854,0,6,0,0,0,0,0,0,1,0,0,0,3,nailv
1016501325,5,0.6,3.6,0,5,0,0,1,0,0,0,1,0,0,0,18,nailv
248561804,2,1.0,5.5,0,6,0,0,1,0,0,1,1,1,0,0,83,nailv
8675290,2,1.0,76.0,0,6,0,0,0,0,0,0,0,0,0,0,41,nailv
55927094,1,1.0,1.0,0,6,0,0,1,0,0,1,0,0,0,0,62,nailv
3546661114612529,1,1.0,9.0,0,3,0,0,0,0,0,0,0,0,0,0,0,nailv
291849253,1,1.0,4.0,0,6,0,0,0,1,0,0,1,1,0,1,58,nailv
1278716,1,1.0,2.0,0,6,0,0,1,0,0,0,1,0,0,14,115,nailv
302593864,1,1.0,2.0,0,6,0,0,0,0,0,0,1,0,0,2,31,nailv
12530491,2,1.0,4.0,0,6,0,0,0,0,1,1,1,0,0,0,30,nailv
1414276,1,1.0,12.0,0,6,0,0,0,0,0,0,0,1,0,0,3,nailv
3461566338959641,1,1.0,3.0,0,5,1,0,0,0,0,0,0,1,0,0,67,nailv
401026968,4,1.0,8.5,0,5,0,0,0,0,0,0,0,1,0,0,6,nailv
336071725,0,1.0,0.0,1,6,0,0,1,0,0,1,1,1,0,0,77,nailv
275391978,1,1.0,3.0,0,6,0,0,0,0,0,1,1,0,0,0,89,nailv
49869482,1,1.0,76.0,0,6,0,0,1,0,0,0,1,0,0,0,29,nailv
3546387677448743,1,1.0,4.0,0,3,1,0,0,0,0,0,0,0,0,0,0,nailv
1772163,1,1.0,7.0,0,6,0,0,0,0,1,0,0,0,0,0,48,nailv
7350290,4,1.0,2.5,1,6,0,0,0,1,0,1,1,1,0,0,14,nailv
1804916747,4,1.0,22.75,0,5,0,0,0,0,0,0,0,0,0,0,0,nailv
1215905548,1,1.0,4.0,0,5,0,0,0,0,1,0,0,1,0,0,16,nailv
451779377,1,1.0,76.0,0,5,0,0,1,0,0,1,1,1,0,0,10,nailv
35529691,2,1.0,3.5,0,6,0,0,0,0,1,1,1,1,0,18,226,nailv
10982600,1,1.0,4.0,0,6,0,0,0,0,1,0,1,1,0,0,4,nailv
19876779,1,1.0,2.0,0,6,0,0,1,0,0,1,1,1,0,2,11,nailv
671456329,1,1.0,7.0,0,5,0,0,0,0,0,0,1,0,0,0,52,nailv
1703546485,2,1.0,6.0,0,6,0,0,1,0,0,0,0,0,0,0,27,nailv
14144714,1,1.0,6.0,0,6,0,0,1,0,1,0,1,1,0,17,25,nailv
98676353,1,1.0,3.0,0,6,0,0,0,0,0,0,1,0,0,0,30,nailv
11899250,1,1.0,40.0,0,6,0,0,1,0,0,1,0,0,0,1,14,nailv
1687811914,3,0.3333333333333333,77.0,0,5,0,0,1,0,0,0,1,0,0,0,25,nailv
257817210,1,1.0,7.0,0,6,0,0,1,0,1,0,1,1,0,9,19,nailv
1654923357,1,1.0,7.0,0,4,1,0,1,0,0,0,0,0,0,0,15,nailv
2010495871,2,1.0,2.5,0,5,0,1,1,0,1,0,1,1,0,4,41,nailv
24928897,2,1.0,2.0,0,6,0,0,1,0,0,1,1,1,0,18,26,nailv
35285096,1,1.0,3.0,0,6,0,0,0,0,0,0,1,0,0,0,21,nailv
10437371,2,1.0,76.0,0,6,0,0,0,1,0,0,1,1,0,1,330,nailv
10722351,0,1.0,0.0,1,6,0,0,1,0,0,0,0,0,0,1,6,nailv
37826933,1,1.0,1.0,0,6,0,0,1,1,1,0,1,1,0,63,652,nailv
21922690,2,1.0,43.0,0,6,0,0,0,0,0,1,0,1,0,43,147,nailv
377077803,1,1.0,2.0,0,6,0,0,0,0,0,0,0,0,0,24,8,nailv
86800476,1,1.0,5.0,0,6,0,0,0,1,0,0,1,0,0,2,31,nailv
8482196,2,1.0,76.0,0,6,0,0,0,0,0,0,0,1,0,1,77,nailv
85437556,1,1.0,10.0,0,6,0,0,0,0,0,0,0,1,0,0,25,nailv
235612239,3,1.0,9.0,0,5,0,0,0,0,1,0,1,0,0,0,29,nailv
7279091,2,1.0,3.0,0,6,0,0,0,0,0,0,0,0,0,11,15,nailv
57519,2,1.0,76.0,0,6,0,0,0,0,0,1,1,1,0,5,25,nailv
3681974,1,1.0,4.0,0,6,0,0,0,0,1,0,0,1,0,4,10,nailv
245589236,1,1.0,8.0,0,5,0,0,0,0,0,0,1,0,0,0,34,nailv
